micro_skill_id,parent_skill_id,official_code,main_unit,subunit,skill_name,question_type,focus,item_pattern,common_error,difficulty,age_fit,naming_note
G08-A-MULFORM-01-C1,G08-A-MULFORM-01,A-8-1,多項式與公式,乘法公式,和平方公式,概念辨識,理解(a+b)^2的展開與幾何/代數意義；第二層：辨認定義、條件、符號、式型或幾何性質,定義/式型/性質判斷,概念邊界、符號或條件混淆,1,G8國中適齡,MathAI原創語義分類
G08-A-MULFORM-01-P1,G08-A-MULFORM-01,A-8-1,多項式與公式,乘法公式,和平方公式,標準程序,理解(a+b)^2的展開與幾何/代數意義；第二層：依標準算法完成展開、化簡、解式、作圖、統計或數列計算,標準計算/解法,程序、符號、係數或運算順序錯誤,2,G8國中適齡,MathAI原創語義分類
G08-A-MULFORM-01-V1,G08-A-MULFORM-01,A-8-1,多項式與公式,乘法公式,和平方公式,多表徵轉換,理解(a+b)^2的展開與幾何/代數意義；第二層：在文字、代數式、坐標、函數圖、統計圖與幾何圖間轉換,圖↔式、表↔式、文字↔式,轉換後未保留原數學關係,3,G8國中適齡,MathAI原創語義分類
G08-A-MULFORM-01-R1,G08-A-MULFORM-01,A-8-1,多項式與公式,乘法公式,和平方公式,逆向與驗證,理解(a+b)^2的展開與幾何/代數意義；第二層：由結果反推條件、乘回驗證、代回驗根或檢查幾何依據,反推、驗算、找錯,只會正向套步驟，無法驗證,3,G8國中適齡,MathAI原創語義分類
G08-A-MULFORM-01-A1,G08-A-MULFORM-01,A-8-1,多項式與公式,乘法公式,和平方公式,情境建模,理解(a+b)^2的展開與幾何/代數意義；第二層：由情境設定變數、建立模型、選擇方法並解釋答案,應用/建模題,漏條件、選錯模型或未篩選合理解,4,G8國中適齡,MathAI原創語義分類
G08-A-MULFORM-01-T1,G08-A-MULFORM-01,A-8-1,多項式與公式,乘法公式,和平方公式,條件變形,理解(a+b)^2的展開與幾何/代數意義；第二層：加入根式、分式係數、多步驟、跨表徵或干擾資訊,進階變形題,局部技巧會但整體等價或條件失控,4,G8國中適齡,MathAI原創語義分類
G08-A-MULFORM-02-C1,G08-A-MULFORM-02,A-8-1,多項式與公式,乘法公式,差平方公式,概念辨識,理解(a-b)^2展開並辨認中間項符號；第二層：辨認定義、條件、符號、式型或幾何性質,定義/式型/性質判斷,概念邊界、符號或條件混淆,1,G8國中適齡,MathAI原創語義分類
G08-A-MULFORM-02-P1,G08-A-MULFORM-02,A-8-1,多項式與公式,乘法公式,差平方公式,標準程序,理解(a-b)^2展開並辨認中間項符號；第二層：依標準算法完成展開、化簡、解式、作圖、統計或數列計算,標準計算/解法,程序、符號、係數或運算順序錯誤,2,G8國中適齡,MathAI原創語義分類
G08-A-MULFORM-02-V1,G08-A-MULFORM-02,A-8-1,多項式與公式,乘法公式,差平方公式,多表徵轉換,理解(a-b)^2展開並辨認中間項符號；第二層：在文字、代數式、坐標、函數圖、統計圖與幾何圖間轉換,圖↔式、表↔式、文字↔式,轉換後未保留原數學關係,3,G8國中適齡,MathAI原創語義分類
G08-A-MULFORM-02-R1,G08-A-MULFORM-02,A-8-1,多項式與公式,乘法公式,差平方公式,逆向與驗證,理解(a-b)^2展開並辨認中間項符號；第二層：由結果反推條件、乘回驗證、代回驗根或檢查幾何依據,反推、驗算、找錯,只會正向套步驟，無法驗證,3,G8國中適齡,MathAI原創語義分類
G08-A-MULFORM-02-A1,G08-A-MULFORM-02,A-8-1,多項式與公式,乘法公式,差平方公式,情境建模,理解(a-b)^2展開並辨認中間項符號；第二層：由情境設定變數、建立模型、選擇方法並解釋答案,應用/建模題,漏條件、選錯模型或未篩選合理解,4,G8國中適齡,MathAI原創語義分類
G08-A-MULFORM-02-T1,G08-A-MULFORM-02,A-8-1,多項式與公式,乘法公式,差平方公式,條件變形,理解(a-b)^2展開並辨認中間項符號；第二層：加入根式、分式係數、多步驟、跨表徵或干擾資訊,進階變形題,局部技巧會但整體等價或條件失控,4,G8國中適齡,MathAI原創語義分類
G08-A-MULFORM-03-C1,G08-A-MULFORM-03,A-8-1,多項式與公式,乘法公式,平方差公式,概念辨識,理解(a+b)(a-b)=a^2-b^2；第二層：辨認定義、條件、符號、式型或幾何性質,定義/式型/性質判斷,概念邊界、符號或條件混淆,1,G8國中適齡,MathAI原創語義分類
G08-A-MULFORM-03-P1,G08-A-MULFORM-03,A-8-1,多項式與公式,乘法公式,平方差公式,標準程序,理解(a+b)(a-b)=a^2-b^2；第二層：依標準算法完成展開、化簡、解式、作圖、統計或數列計算,標準計算/解法,程序、符號、係數或運算順序錯誤,2,G8國中適齡,MathAI原創語義分類
G08-A-MULFORM-03-V1,G08-A-MULFORM-03,A-8-1,多項式與公式,乘法公式,平方差公式,多表徵轉換,理解(a+b)(a-b)=a^2-b^2；第二層：在文字、代數式、坐標、函數圖、統計圖與幾何圖間轉換,圖↔式、表↔式、文字↔式,轉換後未保留原數學關係,3,G8國中適齡,MathAI原創語義分類
G08-A-MULFORM-03-R1,G08-A-MULFORM-03,A-8-1,多項式與公式,乘法公式,平方差公式,逆向與驗證,理解(a+b)(a-b)=a^2-b^2；第二層：由結果反推條件、乘回驗證、代回驗根或檢查幾何依據,反推、驗算、找錯,只會正向套步驟，無法驗證,3,G8國中適齡,MathAI原創語義分類
G08-A-MULFORM-03-A1,G08-A-MULFORM-03,A-8-1,多項式與公式,乘法公式,平方差公式,情境建模,理解(a+b)(a-b)=a^2-b^2；第二層：由情境設定變數、建立模型、選擇方法並解釋答案,應用/建模題,漏條件、選錯模型或未篩選合理解,4,G8國中適齡,MathAI原創語義分類
G08-A-MULFORM-03-T1,G08-A-MULFORM-03,A-8-1,多項式與公式,乘法公式,平方差公式,條件變形,理解(a+b)(a-b)=a^2-b^2；第二層：加入根式、分式係數、多步驟、跨表徵或干擾資訊,進階變形題,局部技巧會但整體等價或條件失控,4,G8國中適齡,MathAI原創語義分類
G08-A-MULFORM-04-C1,G08-A-MULFORM-04,A-8-1,多項式與公式,乘法公式,雙二項式展開,概念辨識,用分配律展開(a+b)(c+d)；第二層：辨認定義、條件、符號、式型或幾何性質,定義/式型/性質判斷,概念邊界、符號或條件混淆,1,G8國中適齡,MathAI原創語義分類
G08-A-MULFORM-04-P1,G08-A-MULFORM-04,A-8-1,多項式與公式,乘法公式,雙二項式展開,標準程序,用分配律展開(a+b)(c+d)；第二層：依標準算法完成展開、化簡、解式、作圖、統計或數列計算,標準計算/解法,程序、符號、係數或運算順序錯誤,2,G8國中適齡,MathAI原創語義分類
G08-A-MULFORM-04-V1,G08-A-MULFORM-04,A-8-1,多項式與公式,乘法公式,雙二項式展開,多表徵轉換,用分配律展開(a+b)(c+d)；第二層：在文字、代數式、坐標、函數圖、統計圖與幾何圖間轉換,圖↔式、表↔式、文字↔式,轉換後未保留原數學關係,3,G8國中適齡,MathAI原創語義分類
G08-A-MULFORM-04-R1,G08-A-MULFORM-04,A-8-1,多項式與公式,乘法公式,雙二項式展開,逆向與驗證,用分配律展開(a+b)(c+d)；第二層：由結果反推條件、乘回驗證、代回驗根或檢查幾何依據,反推、驗算、找錯,只會正向套步驟，無法驗證,3,G8國中適齡,MathAI原創語義分類
G08-A-MULFORM-04-A1,G08-A-MULFORM-04,A-8-1,多項式與公式,乘法公式,雙二項式展開,情境建模,用分配律展開(a+b)(c+d)；第二層：由情境設定變數、建立模型、選擇方法並解釋答案,應用/建模題,漏條件、選錯模型或未篩選合理解,4,G8國中適齡,MathAI原創語義分類
G08-A-MULFORM-04-T1,G08-A-MULFORM-04,A-8-1,多項式與公式,乘法公式,雙二項式展開,條件變形,用分配律展開(a+b)(c+d)；第二層：加入根式、分式係數、多步驟、跨表徵或干擾資訊,進階變形題,局部技巧會但整體等價或條件失控,4,G8國中適齡,MathAI原創語義分類
G08-A-MULFORM-APP-01-C1,G08-A-MULFORM-APP-01,A-8-1,多項式與公式,乘法公式,公式逆辨識與數值簡算,概念辨識,從式型辨認適用公式並做數值變形；第二層：辨認定義、條件、符號、式型或幾何性質,定義/式型/性質判斷,概念邊界、符號或條件混淆,1,G8國中適齡,MathAI原創語義分類
G08-A-MULFORM-APP-01-P1,G08-A-MULFORM-APP-01,A-8-1,多項式與公式,乘法公式,公式逆辨識與數值簡算,標準程序,從式型辨認適用公式並做數值變形；第二層：依標準算法完成展開、化簡、解式、作圖、統計或數列計算,標準計算/解法,程序、符號、係數或運算順序錯誤,2,G8國中適齡,MathAI原創語義分類
G08-A-MULFORM-APP-01-V1,G08-A-MULFORM-APP-01,A-8-1,多項式與公式,乘法公式,公式逆辨識與數值簡算,多表徵轉換,從式型辨認適用公式並做數值變形；第二層：在文字、代數式、坐標、函數圖、統計圖與幾何圖間轉換,圖↔式、表↔式、文字↔式,轉換後未保留原數學關係,3,G8國中適齡,MathAI原創語義分類
G08-A-MULFORM-APP-01-R1,G08-A-MULFORM-APP-01,A-8-1,多項式與公式,乘法公式,公式逆辨識與數值簡算,逆向與驗證,從式型辨認適用公式並做數值變形；第二層：由結果反推條件、乘回驗證、代回驗根或檢查幾何依據,反推、驗算、找錯,只會正向套步驟，無法驗證,3,G8國中適齡,MathAI原創語義分類
G08-A-MULFORM-APP-01-A1,G08-A-MULFORM-APP-01,A-8-1,多項式與公式,乘法公式,公式逆辨識與數值簡算,情境建模,從式型辨認適用公式並做數值變形；第二層：由情境設定變數、建立模型、選擇方法並解釋答案,應用/建模題,漏條件、選錯模型或未篩選合理解,4,G8國中適齡,MathAI原創語義分類
G08-A-MULFORM-APP-01-T1,G08-A-MULFORM-APP-01,A-8-1,多項式與公式,乘法公式,公式逆辨識與數值簡算,條件變形,從式型辨認適用公式並做數值變形；第二層：加入根式、分式係數、多步驟、跨表徵或干擾資訊,進階變形題,局部技巧會但整體等價或條件失控,4,G8國中適齡,MathAI原創語義分類
G08-A-MULFORM-APP-01-X1,G08-A-MULFORM-APP-01,A-8-1,多項式與公式,乘法公式,公式逆辨識與數值簡算,跨主題整合,從式型辨認適用公式並做數值變形；第二層：整合多項式、根式、方程式、函數、數列或幾何做非例行推理,跨單元/會考型,無法辨識多個技能的串接順序,5,G8國中適齡,MathAI原創語義分類
G08-A-POLY-TERM-01-C1,G08-A-POLY-TERM-01,A-8-2,多項式與公式,多項式,項係數常數項,概念辨識,辨認一元多項式的項、係數與常數項；第二層：辨認定義、條件、符號、式型或幾何性質,定義/式型/性質判斷,概念邊界、符號或條件混淆,1,G8國中適齡,MathAI原創語義分類
G08-A-POLY-TERM-01-P1,G08-A-POLY-TERM-01,A-8-2,多項式與公式,多項式,項係數常數項,標準程序,辨認一元多項式的項、係數與常數項；第二層：依標準算法完成展開、化簡、解式、作圖、統計或數列計算,標準計算/解法,程序、符號、係數或運算順序錯誤,2,G8國中適齡,MathAI原創語義分類
G08-A-POLY-TERM-01-V1,G08-A-POLY-TERM-01,A-8-2,多項式與公式,多項式,項係數常數項,多表徵轉換,辨認一元多項式的項、係數與常數項；第二層：在文字、代數式、坐標、函數圖、統計圖與幾何圖間轉換,圖↔式、表↔式、文字↔式,轉換後未保留原數學關係,3,G8國中適齡,MathAI原創語義分類
G08-A-POLY-TERM-01-R1,G08-A-POLY-TERM-01,A-8-2,多項式與公式,多項式,項係數常數項,逆向與驗證,辨認一元多項式的項、係數與常數項；第二層：由結果反推條件、乘回驗證、代回驗根或檢查幾何依據,反推、驗算、找錯,只會正向套步驟，無法驗證,3,G8國中適齡,MathAI原創語義分類
G08-A-POLY-TERM-01-A1,G08-A-POLY-TERM-01,A-8-2,多項式與公式,多項式,項係數常數項,情境建模,辨認一元多項式的項、係數與常數項；第二層：由情境設定變數、建立模型、選擇方法並解釋答案,應用/建模題,漏條件、選錯模型或未篩選合理解,4,G8國中適齡,MathAI原創語義分類
G08-A-POLY-DEG-01-C1,G08-A-POLY-DEG-01,A-8-2,多項式與公式,多項式,次數與最高次項,概念辨識,判斷單項式/多項式次數、最高次項；第二層：辨認定義、條件、符號、式型或幾何性質,定義/式型/性質判斷,概念邊界、符號或條件混淆,1,G8國中適齡,MathAI原創語義分類
G08-A-POLY-DEG-01-P1,G08-A-POLY-DEG-01,A-8-2,多項式與公式,多項式,次數與最高次項,標準程序,判斷單項式/多項式次數、最高次項；第二層：依標準算法完成展開、化簡、解式、作圖、統計或數列計算,標準計算/解法,程序、符號、係數或運算順序錯誤,2,G8國中適齡,MathAI原創語義分類
G08-A-POLY-DEG-01-V1,G08-A-POLY-DEG-01,A-8-2,多項式與公式,多項式,次數與最高次項,多表徵轉換,判斷單項式/多項式次數、最高次項；第二層：在文字、代數式、坐標、函數圖、統計圖與幾何圖間轉換,圖↔式、表↔式、文字↔式,轉換後未保留原數學關係,3,G8國中適齡,MathAI原創語義分類
G08-A-POLY-DEG-01-R1,G08-A-POLY-DEG-01,A-8-2,多項式與公式,多項式,次數與最高次項,逆向與驗證,判斷單項式/多項式次數、最高次項；第二層：由結果反推條件、乘回驗證、代回驗根或檢查幾何依據,反推、驗算、找錯,只會正向套步驟，無法驗證,3,G8國中適齡,MathAI原創語義分類
G08-A-POLY-DEG-01-A1,G08-A-POLY-DEG-01,A-8-2,多項式與公式,多項式,次數與最高次項,情境建模,判斷單項式/多項式次數、最高次項；第二層：由情境設定變數、建立模型、選擇方法並解釋答案,應用/建模題,漏條件、選錯模型或未篩選合理解,4,G8國中適齡,MathAI原創語義分類
G08-A-POLY-ORDER-01-C1,G08-A-POLY-ORDER-01,A-8-2,多項式與公式,多項式,升冪與降冪排列,概念辨識,依次數重新排列多項式；第二層：辨認定義、條件、符號、式型或幾何性質,定義/式型/性質判斷,概念邊界、符號或條件混淆,1,G8國中適齡,MathAI原創語義分類
G08-A-POLY-ORDER-01-P1,G08-A-POLY-ORDER-01,A-8-2,多項式與公式,多項式,升冪與降冪排列,標準程序,依次數重新排列多項式；第二層：依標準算法完成展開、化簡、解式、作圖、統計或數列計算,標準計算/解法,程序、符號、係數或運算順序錯誤,2,G8國中適齡,MathAI原創語義分類
G08-A-POLY-ORDER-01-V1,G08-A-POLY-ORDER-01,A-8-2,多項式與公式,多項式,升冪與降冪排列,多表徵轉換,依次數重新排列多項式；第二層：在文字、代數式、坐標、函數圖、統計圖與幾何圖間轉換,圖↔式、表↔式、文字↔式,轉換後未保留原數學關係,3,G8國中適齡,MathAI原創語義分類
G08-A-POLY-ORDER-01-R1,G08-A-POLY-ORDER-01,A-8-2,多項式與公式,多項式,升冪與降冪排列,逆向與驗證,依次數重新排列多項式；第二層：由結果反推條件、乘回驗證、代回驗根或檢查幾何依據,反推、驗算、找錯,只會正向套步驟，無法驗證,3,G8國中適齡,MathAI原創語義分類
G08-A-POLY-ORDER-01-A1,G08-A-POLY-ORDER-01,A-8-2,多項式與公式,多項式,升冪與降冪排列,情境建模,依次數重新排列多項式；第二層：由情境設定變數、建立模型、選擇方法並解釋答案,應用/建模題,漏條件、選錯模型或未篩選合理解,4,G8國中適齡,MathAI原創語義分類
G08-A-POLY-ADD-01-C1,G08-A-POLY-ADD-01,A-8-3,多項式與公式,多項式運算,多項式加法,概念辨識,對齊同類項完成橫式或直式加法；第二層：辨認定義、條件、符號、式型或幾何性質,定義/式型/性質判斷,概念邊界、符號或條件混淆,1,G8國中適齡,MathAI原創語義分類
G08-A-POLY-ADD-01-P1,G08-A-POLY-ADD-01,A-8-3,多項式與公式,多項式運算,多項式加法,標準程序,對齊同類項完成橫式或直式加法；第二層：依標準算法完成展開、化簡、解式、作圖、統計或數列計算,標準計算/解法,程序、符號、係數或運算順序錯誤,2,G8國中適齡,MathAI原創語義分類
G08-A-POLY-ADD-01-V1,G08-A-POLY-ADD-01,A-8-3,多項式與公式,多項式運算,多項式加法,多表徵轉換,對齊同類項完成橫式或直式加法；第二層：在文字、代數式、坐標、函數圖、統計圖與幾何圖間轉換,圖↔式、表↔式、文字↔式,轉換後未保留原數學關係,3,G8國中適齡,MathAI原創語義分類
G08-A-POLY-ADD-01-R1,G08-A-POLY-ADD-01,A-8-3,多項式與公式,多項式運算,多項式加法,逆向與驗證,對齊同類項完成橫式或直式加法；第二層：由結果反推條件、乘回驗證、代回驗根或檢查幾何依據,反推、驗算、找錯,只會正向套步驟，無法驗證,3,G8國中適齡,MathAI原創語義分類
G08-A-POLY-ADD-01-A1,G08-A-POLY-ADD-01,A-8-3,多項式與公式,多項式運算,多項式加法,情境建模,對齊同類項完成橫式或直式加法；第二層：由情境設定變數、建立模型、選擇方法並解釋答案,應用/建模題,漏條件、選錯模型或未篩選合理解,4,G8國中適齡,MathAI原創語義分類
G08-A-POLY-ADD-01-T1,G08-A-POLY-ADD-01,A-8-3,多項式與公式,多項式運算,多項式加法,條件變形,對齊同類項完成橫式或直式加法；第二層：加入根式、分式係數、多步驟、跨表徵或干擾資訊,進階變形題,局部技巧會但整體等價或條件失控,4,G8國中適齡,MathAI原創語義分類
G08-A-POLY-SUB-01-C1,G08-A-POLY-SUB-01,A-8-3,多項式與公式,多項式運算,多項式減法,概念辨識,處理整體負號後合併同類項；第二層：辨認定義、條件、符號、式型或幾何性質,定義/式型/性質判斷,概念邊界、符號或條件混淆,1,G8國中適齡,MathAI原創語義分類
G08-A-POLY-SUB-01-P1,G08-A-POLY-SUB-01,A-8-3,多項式與公式,多項式運算,多項式減法,標準程序,處理整體負號後合併同類項；第二層：依標準算法完成展開、化簡、解式、作圖、統計或數列計算,標準計算/解法,程序、符號、係數或運算順序錯誤,2,G8國中適齡,MathAI原創語義分類
G08-A-POLY-SUB-01-V1,G08-A-POLY-SUB-01,A-8-3,多項式與公式,多項式運算,多項式減法,多表徵轉換,處理整體負號後合併同類項；第二層：在文字、代數式、坐標、函數圖、統計圖與幾何圖間轉換,圖↔式、表↔式、文字↔式,轉換後未保留原數學關係,3,G8國中適齡,MathAI原創語義分類
G08-A-POLY-SUB-01-R1,G08-A-POLY-SUB-01,A-8-3,多項式與公式,多項式運算,多項式減法,逆向與驗證,處理整體負號後合併同類項；第二層：由結果反推條件、乘回驗證、代回驗根或檢查幾何依據,反推、驗算、找錯,只會正向套步驟，無法驗證,3,G8國中適齡,MathAI原創語義分類
G08-A-POLY-SUB-01-A1,G08-A-POLY-SUB-01,A-8-3,多項式與公式,多項式運算,多項式減法,情境建模,處理整體負號後合併同類項；第二層：由情境設定變數、建立模型、選擇方法並解釋答案,應用/建模題,漏條件、選錯模型或未篩選合理解,4,G8國中適齡,MathAI原創語義分類
G08-A-POLY-SUB-01-T1,G08-A-POLY-SUB-01,A-8-3,多項式與公式,多項式運算,多項式減法,條件變形,處理整體負號後合併同類項；第二層：加入根式、分式係數、多步驟、跨表徵或干擾資訊,進階變形題,局部技巧會但整體等價或條件失控,4,G8國中適齡,MathAI原創語義分類
G08-A-POLY-MUL-MONO-01-C1,G08-A-POLY-MUL-MONO-01,A-8-3,多項式與公式,多項式運算,單項式乘多項式,概念辨識,以分配律展開並合併；第二層：辨認定義、條件、符號、式型或幾何性質,定義/式型/性質判斷,概念邊界、符號或條件混淆,1,G8國中適齡,MathAI原創語義分類
G08-A-POLY-MUL-MONO-01-P1,G08-A-POLY-MUL-MONO-01,A-8-3,多項式與公式,多項式運算,單項式乘多項式,標準程序,以分配律展開並合併；第二層：依標準算法完成展開、化簡、解式、作圖、統計或數列計算,標準計算/解法,程序、符號、係數或運算順序錯誤,2,G8國中適齡,MathAI原創語義分類
G08-A-POLY-MUL-MONO-01-V1,G08-A-POLY-MUL-MONO-01,A-8-3,多項式與公式,多項式運算,單項式乘多項式,多表徵轉換,以分配律展開並合併；第二層：在文字、代數式、坐標、函數圖、統計圖與幾何圖間轉換,圖↔式、表↔式、文字↔式,轉換後未保留原數學關係,3,G8國中適齡,MathAI原創語義分類
G08-A-POLY-MUL-MONO-01-R1,G08-A-POLY-MUL-MONO-01,A-8-3,多項式與公式,多項式運算,單項式乘多項式,逆向與驗證,以分配律展開並合併；第二層：由結果反推條件、乘回驗證、代回驗根或檢查幾何依據,反推、驗算、找錯,只會正向套步驟，無法驗證,3,G8國中適齡,MathAI原創語義分類
G08-A-POLY-MUL-MONO-01-A1,G08-A-POLY-MUL-MONO-01,A-8-3,多項式與公式,多項式運算,單項式乘多項式,情境建模,以分配律展開並合併；第二層：由情境設定變數、建立模型、選擇方法並解釋答案,應用/建模題,漏條件、選錯模型或未篩選合理解,4,G8國中適齡,MathAI原創語義分類
G08-A-POLY-MUL-MONO-01-T1,G08-A-POLY-MUL-MONO-01,A-8-3,多項式與公式,多項式運算,單項式乘多項式,條件變形,以分配律展開並合併；第二層：加入根式、分式係數、多步驟、跨表徵或干擾資訊,進階變形題,局部技巧會但整體等價或條件失控,4,G8國中適齡,MathAI原創語義分類
G08-A-POLY-MUL-01-C1,G08-A-POLY-MUL-01,A-8-3,多項式與公式,多項式運算,多項式乘多項式,概念辨識,橫式/直式完成乘法，乘積最高至三次；第二層：辨認定義、條件、符號、式型或幾何性質,定義/式型/性質判斷,概念邊界、符號或條件混淆,1,G8國中適齡,MathAI原創語義分類
G08-A-POLY-MUL-01-P1,G08-A-POLY-MUL-01,A-8-3,多項式與公式,多項式運算,多項式乘多項式,標準程序,橫式/直式完成乘法，乘積最高至三次；第二層：依標準算法完成展開、化簡、解式、作圖、統計或數列計算,標準計算/解法,程序、符號、係數或運算順序錯誤,2,G8國中適齡,MathAI原創語義分類
G08-A-POLY-MUL-01-V1,G08-A-POLY-MUL-01,A-8-3,多項式與公式,多項式運算,多項式乘多項式,多表徵轉換,橫式/直式完成乘法，乘積最高至三次；第二層：在文字、代數式、坐標、函數圖、統計圖與幾何圖間轉換,圖↔式、表↔式、文字↔式,轉換後未保留原數學關係,3,G8國中適齡,MathAI原創語義分類
G08-A-POLY-MUL-01-R1,G08-A-POLY-MUL-01,A-8-3,多項式與公式,多項式運算,多項式乘多項式,逆向與驗證,橫式/直式完成乘法，乘積最高至三次；第二層：由結果反推條件、乘回驗證、代回驗根或檢查幾何依據,反推、驗算、找錯,只會正向套步驟，無法驗證,3,G8國中適齡,MathAI原創語義分類
G08-A-POLY-MUL-01-A1,G08-A-POLY-MUL-01,A-8-3,多項式與公式,多項式運算,多項式乘多項式,情境建模,橫式/直式完成乘法，乘積最高至三次；第二層：由情境設定變數、建立模型、選擇方法並解釋答案,應用/建模題,漏條件、選錯模型或未篩選合理解,4,G8國中適齡,MathAI原創語義分類
G08-A-POLY-MUL-01-T1,G08-A-POLY-MUL-01,A-8-3,多項式與公式,多項式運算,多項式乘多項式,條件變形,橫式/直式完成乘法，乘積最高至三次；第二層：加入根式、分式係數、多步驟、跨表徵或干擾資訊,進階變形題,局部技巧會但整體等價或條件失控,4,G8國中適齡,MathAI原創語義分類
G08-A-POLY-MUL-01-X1,G08-A-POLY-MUL-01,A-8-3,多項式與公式,多項式運算,多項式乘多項式,跨主題整合,橫式/直式完成乘法，乘積最高至三次；第二層：整合多項式、根式、方程式、函數、數列或幾何做非例行推理,跨單元/會考型,無法辨識多個技能的串接順序,5,G8國中適齡,MathAI原創語義分類
G08-A-POLY-DIV-01-C1,G08-A-POLY-DIV-01,A-8-3,多項式與公式,多項式運算,多項式除法,概念辨識,被除式二次範圍內的直式除法；第二層：辨認定義、條件、符號、式型或幾何性質,定義/式型/性質判斷,概念邊界、符號或條件混淆,1,G8國中適齡,MathAI原創語義分類
G08-A-POLY-DIV-01-P1,G08-A-POLY-DIV-01,A-8-3,多項式與公式,多項式運算,多項式除法,標準程序,被除式二次範圍內的直式除法；第二層：依標準算法完成展開、化簡、解式、作圖、統計或數列計算,標準計算/解法,程序、符號、係數或運算順序錯誤,2,G8國中適齡,MathAI原創語義分類
G08-A-POLY-DIV-01-V1,G08-A-POLY-DIV-01,A-8-3,多項式與公式,多項式運算,多項式除法,多表徵轉換,被除式二次範圍內的直式除法；第二層：在文字、代數式、坐標、函數圖、統計圖與幾何圖間轉換,圖↔式、表↔式、文字↔式,轉換後未保留原數學關係,3,G8國中適齡,MathAI原創語義分類
G08-A-POLY-DIV-01-R1,G08-A-POLY-DIV-01,A-8-3,多項式與公式,多項式運算,多項式除法,逆向與驗證,被除式二次範圍內的直式除法；第二層：由結果反推條件、乘回驗證、代回驗根或檢查幾何依據,反推、驗算、找錯,只會正向套步驟，無法驗證,3,G8國中適齡,MathAI原創語義分類
G08-A-POLY-DIV-01-A1,G08-A-POLY-DIV-01,A-8-3,多項式與公式,多項式運算,多項式除法,情境建模,被除式二次範圍內的直式除法；第二層：由情境設定變數、建立模型、選擇方法並解釋答案,應用/建模題,漏條件、選錯模型或未篩選合理解,4,G8國中適齡,MathAI原創語義分類
G08-A-POLY-DIV-01-T1,G08-A-POLY-DIV-01,A-8-3,多項式與公式,多項式運算,多項式除法,條件變形,被除式二次範圍內的直式除法；第二層：加入根式、分式係數、多步驟、跨表徵或干擾資訊,進階變形題,局部技巧會但整體等價或條件失控,4,G8國中適齡,MathAI原創語義分類
G08-A-POLY-DIV-01-X1,G08-A-POLY-DIV-01,A-8-3,多項式與公式,多項式運算,多項式除法,跨主題整合,被除式二次範圍內的直式除法；第二層：整合多項式、根式、方程式、函數、數列或幾何做非例行推理,跨單元/會考型,無法辨識多個技能的串接順序,5,G8國中適齡,MathAI原創語義分類
G08-A-POLY-ID-01-C1,G08-A-POLY-ID-01,A-8-1 / A-8-3,多項式與公式,恆等式,乘法公式驗證,概念辨識,透過展開比較兩側多項式恆等；第二層：辨認定義、條件、符號、式型或幾何性質,定義/式型/性質判斷,概念邊界、符號或條件混淆,1,G8國中適齡,MathAI原創語義分類
G08-A-POLY-ID-01-P1,G08-A-POLY-ID-01,A-8-1 / A-8-3,多項式與公式,恆等式,乘法公式驗證,標準程序,透過展開比較兩側多項式恆等；第二層：依標準算法完成展開、化簡、解式、作圖、統計或數列計算,標準計算/解法,程序、符號、係數或運算順序錯誤,2,G8國中適齡,MathAI原創語義分類
G08-A-POLY-ID-01-V1,G08-A-POLY-ID-01,A-8-1 / A-8-3,多項式與公式,恆等式,乘法公式驗證,多表徵轉換,透過展開比較兩側多項式恆等；第二層：在文字、代數式、坐標、函數圖、統計圖與幾何圖間轉換,圖↔式、表↔式、文字↔式,轉換後未保留原數學關係,3,G8國中適齡,MathAI原創語義分類
G08-A-POLY-ID-01-R1,G08-A-POLY-ID-01,A-8-1 / A-8-3,多項式與公式,恆等式,乘法公式驗證,逆向與驗證,透過展開比較兩側多項式恆等；第二層：由結果反推條件、乘回驗證、代回驗根或檢查幾何依據,反推、驗算、找錯,只會正向套步驟，無法驗證,3,G8國中適齡,MathAI原創語義分類
G08-A-POLY-ID-01-A1,G08-A-POLY-ID-01,A-8-1 / A-8-3,多項式與公式,恆等式,乘法公式驗證,情境建模,透過展開比較兩側多項式恆等；第二層：由情境設定變數、建立模型、選擇方法並解釋答案,應用/建模題,漏條件、選錯模型或未篩選合理解,4,G8國中適齡,MathAI原創語義分類
G08-A-POLY-ID-01-T1,G08-A-POLY-ID-01,A-8-1 / A-8-3,多項式與公式,恆等式,乘法公式驗證,條件變形,透過展開比較兩側多項式恆等；第二層：加入根式、分式係數、多步驟、跨表徵或干擾資訊,進階變形題,局部技巧會但整體等價或條件失控,4,G8國中適齡,MathAI原創語義分類
G08-A-POLY-ID-01-X1,G08-A-POLY-ID-01,A-8-1 / A-8-3,多項式與公式,恆等式,乘法公式驗證,跨主題整合,透過展開比較兩側多項式恆等；第二層：整合多項式、根式、方程式、函數、數列或幾何做非例行推理,跨單元/會考型,無法辨識多個技能的串接順序,5,G8國中適齡,MathAI原創語義分類
G08-N-SQRT-MEAN-01-C1,G08-N-SQRT-MEAN-01,N-8-1,平方根與根式,平方根,平方根與根號,概念辨識,理解正數有正負兩平方根，√a代表非負平方根；第二層：辨認定義、條件、符號、式型或幾何性質,定義/式型/性質判斷,概念邊界、符號或條件混淆,1,G8國中適齡,MathAI原創語義分類
G08-N-SQRT-MEAN-01-P1,G08-N-SQRT-MEAN-01,N-8-1,平方根與根式,平方根,平方根與根號,標準程序,理解正數有正負兩平方根，√a代表非負平方根；第二層：依標準算法完成展開、化簡、解式、作圖、統計或數列計算,標準計算/解法,程序、符號、係數或運算順序錯誤,2,G8國中適齡,MathAI原創語義分類
G08-N-SQRT-MEAN-01-V1,G08-N-SQRT-MEAN-01,N-8-1,平方根與根式,平方根,平方根與根號,多表徵轉換,理解正數有正負兩平方根，√a代表非負平方根；第二層：在文字、代數式、坐標、函數圖、統計圖與幾何圖間轉換,圖↔式、表↔式、文字↔式,轉換後未保留原數學關係,3,G8國中適齡,MathAI原創語義分類
G08-N-SQRT-MEAN-01-R1,G08-N-SQRT-MEAN-01,N-8-1,平方根與根式,平方根,平方根與根號,逆向與驗證,理解正數有正負兩平方根，√a代表非負平方根；第二層：由結果反推條件、乘回驗證、代回驗根或檢查幾何依據,反推、驗算、找錯,只會正向套步驟，無法驗證,3,G8國中適齡,MathAI原創語義分類
G08-N-SQRT-MEAN-01-A1,G08-N-SQRT-MEAN-01,N-8-1,平方根與根式,平方根,平方根與根號,情境建模,理解正數有正負兩平方根，√a代表非負平方根；第二層：由情境設定變數、建立模型、選擇方法並解釋答案,應用/建模題,漏條件、選錯模型或未篩選合理解,4,G8國中適齡,MathAI原創語義分類
G08-N-SQRT-MEAN-01-T1,G08-N-SQRT-MEAN-01,N-8-1,平方根與根式,平方根,平方根與根號,條件變形,理解正數有正負兩平方根，√a代表非負平方根；第二層：加入根式、分式係數、多步驟、跨表徵或干擾資訊,進階變形題,局部技巧會但整體等價或條件失控,4,G8國中適齡,MathAI原創語義分類
G08-N-SQRT-PERFECT-01-C1,G08-N-SQRT-PERFECT-01,N-8-1,平方根與根式,平方根,完全平方數平方根,概念辨識,熟練常見完全平方數與根號值；第二層：辨認定義、條件、符號、式型或幾何性質,定義/式型/性質判斷,概念邊界、符號或條件混淆,1,G8國中適齡,MathAI原創語義分類
G08-N-SQRT-PERFECT-01-P1,G08-N-SQRT-PERFECT-01,N-8-1,平方根與根式,平方根,完全平方數平方根,標準程序,熟練常見完全平方數與根號值；第二層：依標準算法完成展開、化簡、解式、作圖、統計或數列計算,標準計算/解法,程序、符號、係數或運算順序錯誤,2,G8國中適齡,MathAI原創語義分類
G08-N-SQRT-PERFECT-01-V1,G08-N-SQRT-PERFECT-01,N-8-1,平方根與根式,平方根,完全平方數平方根,多表徵轉換,熟練常見完全平方數與根號值；第二層：在文字、代數式、坐標、函數圖、統計圖與幾何圖間轉換,圖↔式、表↔式、文字↔式,轉換後未保留原數學關係,3,G8國中適齡,MathAI原創語義分類
G08-N-SQRT-PERFECT-01-R1,G08-N-SQRT-PERFECT-01,N-8-1,平方根與根式,平方根,完全平方數平方根,逆向與驗證,熟練常見完全平方數與根號值；第二層：由結果反推條件、乘回驗證、代回驗根或檢查幾何依據,反推、驗算、找錯,只會正向套步驟，無法驗證,3,G8國中適齡,MathAI原創語義分類
G08-N-SQRT-PERFECT-01-A1,G08-N-SQRT-PERFECT-01,N-8-1,平方根與根式,平方根,完全平方數平方根,情境建模,熟練常見完全平方數與根號值；第二層：由情境設定變數、建立模型、選擇方法並解釋答案,應用/建模題,漏條件、選錯模型或未篩選合理解,4,G8國中適齡,MathAI原創語義分類
G08-N-RAD-SIMPLIFY-01-C1,G08-N-RAD-SIMPLIFY-01,N-8-1,平方根與根式,根式,根式化簡,概念辨識,抽取完全平方因數化簡根式；第二層：辨認定義、條件、符號、式型或幾何性質,定義/式型/性質判斷,概念邊界、符號或條件混淆,1,G8國中適齡,MathAI原創語義分類
G08-N-RAD-SIMPLIFY-01-P1,G08-N-RAD-SIMPLIFY-01,N-8-1,平方根與根式,根式,根式化簡,標準程序,抽取完全平方因數化簡根式；第二層：依標準算法完成展開、化簡、解式、作圖、統計或數列計算,標準計算/解法,程序、符號、係數或運算順序錯誤,2,G8國中適齡,MathAI原創語義分類
G08-N-RAD-SIMPLIFY-01-V1,G08-N-RAD-SIMPLIFY-01,N-8-1,平方根與根式,根式,根式化簡,多表徵轉換,抽取完全平方因數化簡根式；第二層：在文字、代數式、坐標、函數圖、統計圖與幾何圖間轉換,圖↔式、表↔式、文字↔式,轉換後未保留原數學關係,3,G8國中適齡,MathAI原創語義分類
G08-N-RAD-SIMPLIFY-01-R1,G08-N-RAD-SIMPLIFY-01,N-8-1,平方根與根式,根式,根式化簡,逆向與驗證,抽取完全平方因數化簡根式；第二層：由結果反推條件、乘回驗證、代回驗根或檢查幾何依據,反推、驗算、找錯,只會正向套步驟，無法驗證,3,G8國中適齡,MathAI原創語義分類
G08-N-RAD-SIMPLIFY-01-A1,G08-N-RAD-SIMPLIFY-01,N-8-1,平方根與根式,根式,根式化簡,情境建模,抽取完全平方因數化簡根式；第二層：由情境設定變數、建立模型、選擇方法並解釋答案,應用/建模題,漏條件、選錯模型或未篩選合理解,4,G8國中適齡,MathAI原創語義分類
G08-N-RAD-SIMPLIFY-01-T1,G08-N-RAD-SIMPLIFY-01,N-8-1,平方根與根式,根式,根式化簡,條件變形,抽取完全平方因數化簡根式；第二層：加入根式、分式係數、多步驟、跨表徵或干擾資訊,進階變形題,局部技巧會但整體等價或條件失控,4,G8國中適齡,MathAI原創語義分類
G08-N-RAD-MUL-01-C1,G08-N-RAD-MUL-01,N-8-1,平方根與根式,根式運算,根式乘法,概念辨識,在非負範圍運用√a√b=√ab；第二層：辨認定義、條件、符號、式型或幾何性質,定義/式型/性質判斷,概念邊界、符號或條件混淆,1,G8國中適齡,MathAI原創語義分類
G08-N-RAD-MUL-01-P1,G08-N-RAD-MUL-01,N-8-1,平方根與根式,根式運算,根式乘法,標準程序,在非負範圍運用√a√b=√ab；第二層：依標準算法完成展開、化簡、解式、作圖、統計或數列計算,標準計算/解法,程序、符號、係數或運算順序錯誤,2,G8國中適齡,MathAI原創語義分類
G08-N-RAD-MUL-01-V1,G08-N-RAD-MUL-01,N-8-1,平方根與根式,根式運算,根式乘法,多表徵轉換,在非負範圍運用√a√b=√ab；第二層：在文字、代數式、坐標、函數圖、統計圖與幾何圖間轉換,圖↔式、表↔式、文字↔式,轉換後未保留原數學關係,3,G8國中適齡,MathAI原創語義分類
G08-N-RAD-MUL-01-R1,G08-N-RAD-MUL-01,N-8-1,平方根與根式,根式運算,根式乘法,逆向與驗證,在非負範圍運用√a√b=√ab；第二層：由結果反推條件、乘回驗證、代回驗根或檢查幾何依據,反推、驗算、找錯,只會正向套步驟，無法驗證,3,G8國中適齡,MathAI原創語義分類
G08-N-RAD-MUL-01-A1,G08-N-RAD-MUL-01,N-8-1,平方根與根式,根式運算,根式乘法,情境建模,在非負範圍運用√a√b=√ab；第二層：由情境設定變數、建立模型、選擇方法並解釋答案,應用/建模題,漏條件、選錯模型或未篩選合理解,4,G8國中適齡,MathAI原創語義分類
G08-N-RAD-MUL-01-T1,G08-N-RAD-MUL-01,N-8-1,平方根與根式,根式運算,根式乘法,條件變形,在非負範圍運用√a√b=√ab；第二層：加入根式、分式係數、多步驟、跨表徵或干擾資訊,進階變形題,局部技巧會但整體等價或條件失控,4,G8國中適齡,MathAI原創語義分類
G08-N-RAD-DIV-01-C1,G08-N-RAD-DIV-01,N-8-1,平方根與根式,根式運算,根式除法,概念辨識,化簡根式商並處理分母根式的基礎型；第二層：辨認定義、條件、符號、式型或幾何性質,定義/式型/性質判斷,概念邊界、符號或條件混淆,1,G8國中適齡,MathAI原創語義分類
G08-N-RAD-DIV-01-P1,G08-N-RAD-DIV-01,N-8-1,平方根與根式,根式運算,根式除法,標準程序,化簡根式商並處理分母根式的基礎型；第二層：依標準算法完成展開、化簡、解式、作圖、統計或數列計算,標準計算/解法,程序、符號、係數或運算順序錯誤,2,G8國中適齡,MathAI原創語義分類
G08-N-RAD-DIV-01-V1,G08-N-RAD-DIV-01,N-8-1,平方根與根式,根式運算,根式除法,多表徵轉換,化簡根式商並處理分母根式的基礎型；第二層：在文字、代數式、坐標、函數圖、統計圖與幾何圖間轉換,圖↔式、表↔式、文字↔式,轉換後未保留原數學關係,3,G8國中適齡,MathAI原創語義分類
G08-N-RAD-DIV-01-R1,G08-N-RAD-DIV-01,N-8-1,平方根與根式,根式運算,根式除法,逆向與驗證,化簡根式商並處理分母根式的基礎型；第二層：由結果反推條件、乘回驗證、代回驗根或檢查幾何依據,反推、驗算、找錯,只會正向套步驟，無法驗證,3,G8國中適齡,MathAI原創語義分類
G08-N-RAD-DIV-01-A1,G08-N-RAD-DIV-01,N-8-1,平方根與根式,根式運算,根式除法,情境建模,化簡根式商並處理分母根式的基礎型；第二層：由情境設定變數、建立模型、選擇方法並解釋答案,應用/建模題,漏條件、選錯模型或未篩選合理解,4,G8國中適齡,MathAI原創語義分類
G08-N-RAD-DIV-01-T1,G08-N-RAD-DIV-01,N-8-1,平方根與根式,根式運算,根式除法,條件變形,化簡根式商並處理分母根式的基礎型；第二層：加入根式、分式係數、多步驟、跨表徵或干擾資訊,進階變形題,局部技巧會但整體等價或條件失控,4,G8國中適齡,MathAI原創語義分類
G08-N-RAD-DIV-01-X1,G08-N-RAD-DIV-01,N-8-1,平方根與根式,根式運算,根式除法,跨主題整合,化簡根式商並處理分母根式的基礎型；第二層：整合多項式、根式、方程式、函數、數列或幾何做非例行推理,跨單元/會考型,無法辨識多個技能的串接順序,5,G8國中適齡,MathAI原創語義分類
G08-N-RAD-ADD-01-C1,G08-N-RAD-ADD-01,N-8-1,平方根與根式,根式運算,同類根式加減,概念辨識,先化簡再合併同類根式；第二層：辨認定義、條件、符號、式型或幾何性質,定義/式型/性質判斷,概念邊界、符號或條件混淆,1,G8國中適齡,MathAI原創語義分類
G08-N-RAD-ADD-01-P1,G08-N-RAD-ADD-01,N-8-1,平方根與根式,根式運算,同類根式加減,標準程序,先化簡再合併同類根式；第二層：依標準算法完成展開、化簡、解式、作圖、統計或數列計算,標準計算/解法,程序、符號、係數或運算順序錯誤,2,G8國中適齡,MathAI原創語義分類
G08-N-RAD-ADD-01-V1,G08-N-RAD-ADD-01,N-8-1,平方根與根式,根式運算,同類根式加減,多表徵轉換,先化簡再合併同類根式；第二層：在文字、代數式、坐標、函數圖、統計圖與幾何圖間轉換,圖↔式、表↔式、文字↔式,轉換後未保留原數學關係,3,G8國中適齡,MathAI原創語義分類
G08-N-RAD-ADD-01-R1,G08-N-RAD-ADD-01,N-8-1,平方根與根式,根式運算,同類根式加減,逆向與驗證,先化簡再合併同類根式；第二層：由結果反推條件、乘回驗證、代回驗根或檢查幾何依據,反推、驗算、找錯,只會正向套步驟，無法驗證,3,G8國中適齡,MathAI原創語義分類
G08-N-RAD-ADD-01-A1,G08-N-RAD-ADD-01,N-8-1,平方根與根式,根式運算,同類根式加減,情境建模,先化簡再合併同類根式；第二層：由情境設定變數、建立模型、選擇方法並解釋答案,應用/建模題,漏條件、選錯模型或未篩選合理解,4,G8國中適齡,MathAI原創語義分類
G08-N-RAD-ADD-01-T1,G08-N-RAD-ADD-01,N-8-1,平方根與根式,根式運算,同類根式加減,條件變形,先化簡再合併同類根式；第二層：加入根式、分式係數、多步驟、跨表徵或干擾資訊,進階變形題,局部技巧會但整體等價或條件失控,4,G8國中適齡,MathAI原創語義分類
G08-N-RAD-ADD-01-X1,G08-N-RAD-ADD-01,N-8-1,平方根與根式,根式運算,同類根式加減,跨主題整合,先化簡再合併同類根式；第二層：整合多項式、根式、方程式、函數、數列或幾何做非例行推理,跨單元/會考型,無法辨識多個技能的串接順序,5,G8國中適齡,MathAI原創語義分類
G08-N-RAD-MIX-01-C1,G08-N-RAD-MIX-01,N-8-1 / A-8-1,平方根與根式,根式運算,根式混合與乘法公式,概念辨識,使用分配律/乘法公式處理根式乘法；第二層：辨認定義、條件、符號、式型或幾何性質,定義/式型/性質判斷,概念邊界、符號或條件混淆,1,G8國中適齡,MathAI原創語義分類
G08-N-RAD-MIX-01-P1,G08-N-RAD-MIX-01,N-8-1 / A-8-1,平方根與根式,根式運算,根式混合與乘法公式,標準程序,使用分配律/乘法公式處理根式乘法；第二層：依標準算法完成展開、化簡、解式、作圖、統計或數列計算,標準計算/解法,程序、符號、係數或運算順序錯誤,2,G8國中適齡,MathAI原創語義分類
G08-N-RAD-MIX-01-V1,G08-N-RAD-MIX-01,N-8-1 / A-8-1,平方根與根式,根式運算,根式混合與乘法公式,多表徵轉換,使用分配律/乘法公式處理根式乘法；第二層：在文字、代數式、坐標、函數圖、統計圖與幾何圖間轉換,圖↔式、表↔式、文字↔式,轉換後未保留原數學關係,3,G8國中適齡,MathAI原創語義分類
G08-N-RAD-MIX-01-R1,G08-N-RAD-MIX-01,N-8-1 / A-8-1,平方根與根式,根式運算,根式混合與乘法公式,逆向與驗證,使用分配律/乘法公式處理根式乘法；第二層：由結果反推條件、乘回驗證、代回驗根或檢查幾何依據,反推、驗算、找錯,只會正向套步驟，無法驗證,3,G8國中適齡,MathAI原創語義分類
G08-N-RAD-MIX-01-A1,G08-N-RAD-MIX-01,N-8-1 / A-8-1,平方根與根式,根式運算,根式混合與乘法公式,情境建模,使用分配律/乘法公式處理根式乘法；第二層：由情境設定變數、建立模型、選擇方法並解釋答案,應用/建模題,漏條件、選錯模型或未篩選合理解,4,G8國中適齡,MathAI原創語義分類
G08-N-RAD-MIX-01-T1,G08-N-RAD-MIX-01,N-8-1 / A-8-1,平方根與根式,根式運算,根式混合與乘法公式,條件變形,使用分配律/乘法公式處理根式乘法；第二層：加入根式、分式係數、多步驟、跨表徵或干擾資訊,進階變形題,局部技巧會但整體等價或條件失控,4,G8國中適齡,MathAI原創語義分類
G08-N-RAD-MIX-01-X1,G08-N-RAD-MIX-01,N-8-1 / A-8-1,平方根與根式,根式運算,根式混合與乘法公式,跨主題整合,使用分配律/乘法公式處理根式乘法；第二層：整合多項式、根式、方程式、函數、數列或幾何做非例行推理,跨單元/會考型,無法辨識多個技能的串接順序,5,G8國中適齡,MathAI原創語義分類
G08-N-SQRT-INTPART-01-C1,G08-N-SQRT-INTPART-01,N-8-2,平方根與根式,近似值,平方根整數部分,概念辨識,利用相鄰完全平方數夾擠；第二層：辨認定義、條件、符號、式型或幾何性質,定義/式型/性質判斷,概念邊界、符號或條件混淆,1,G8國中適齡,MathAI原創語義分類
G08-N-SQRT-INTPART-01-P1,G08-N-SQRT-INTPART-01,N-8-2,平方根與根式,近似值,平方根整數部分,標準程序,利用相鄰完全平方數夾擠；第二層：依標準算法完成展開、化簡、解式、作圖、統計或數列計算,標準計算/解法,程序、符號、係數或運算順序錯誤,2,G8國中適齡,MathAI原創語義分類
G08-N-SQRT-INTPART-01-V1,G08-N-SQRT-INTPART-01,N-8-2,平方根與根式,近似值,平方根整數部分,多表徵轉換,利用相鄰完全平方數夾擠；第二層：在文字、代數式、坐標、函數圖、統計圖與幾何圖間轉換,圖↔式、表↔式、文字↔式,轉換後未保留原數學關係,3,G8國中適齡,MathAI原創語義分類
G08-N-SQRT-INTPART-01-R1,G08-N-SQRT-INTPART-01,N-8-2,平方根與根式,近似值,平方根整數部分,逆向與驗證,利用相鄰完全平方數夾擠；第二層：由結果反推條件、乘回驗證、代回驗根或檢查幾何依據,反推、驗算、找錯,只會正向套步驟，無法驗證,3,G8國中適齡,MathAI原創語義分類
G08-N-SQRT-INTPART-01-A1,G08-N-SQRT-INTPART-01,N-8-2,平方根與根式,近似值,平方根整數部分,情境建模,利用相鄰完全平方數夾擠；第二層：由情境設定變數、建立模型、選擇方法並解釋答案,應用/建模題,漏條件、選錯模型或未篩選合理解,4,G8國中適齡,MathAI原創語義分類
G08-N-SQRT-INTPART-01-T1,G08-N-SQRT-INTPART-01,N-8-2,平方根與根式,近似值,平方根整數部分,條件變形,利用相鄰完全平方數夾擠；第二層：加入根式、分式係數、多步驟、跨表徵或干擾資訊,進階變形題,局部技巧會但整體等價或條件失控,4,G8國中適齡,MathAI原創語義分類
G08-N-SQRT-APPROX-01-C1,G08-N-SQRT-APPROX-01,N-8-2,平方根與根式,近似值,十分逼近,概念辨識,用十分逼近或計算機估根號近似值；第二層：辨認定義、條件、符號、式型或幾何性質,定義/式型/性質判斷,概念邊界、符號或條件混淆,1,G8國中適齡,MathAI原創語義分類
G08-N-SQRT-APPROX-01-P1,G08-N-SQRT-APPROX-01,N-8-2,平方根與根式,近似值,十分逼近,標準程序,用十分逼近或計算機估根號近似值；第二層：依標準算法完成展開、化簡、解式、作圖、統計或數列計算,標準計算/解法,程序、符號、係數或運算順序錯誤,2,G8國中適齡,MathAI原創語義分類
G08-N-SQRT-APPROX-01-V1,G08-N-SQRT-APPROX-01,N-8-2,平方根與根式,近似值,十分逼近,多表徵轉換,用十分逼近或計算機估根號近似值；第二層：在文字、代數式、坐標、函數圖、統計圖與幾何圖間轉換,圖↔式、表↔式、文字↔式,轉換後未保留原數學關係,3,G8國中適齡,MathAI原創語義分類
G08-N-SQRT-APPROX-01-R1,G08-N-SQRT-APPROX-01,N-8-2,平方根與根式,近似值,十分逼近,逆向與驗證,用十分逼近或計算機估根號近似值；第二層：由結果反推條件、乘回驗證、代回驗根或檢查幾何依據,反推、驗算、找錯,只會正向套步驟，無法驗證,3,G8國中適齡,MathAI原創語義分類
G08-N-SQRT-APPROX-01-A1,G08-N-SQRT-APPROX-01,N-8-2,平方根與根式,近似值,十分逼近,情境建模,用十分逼近或計算機估根號近似值；第二層：由情境設定變數、建立模型、選擇方法並解釋答案,應用/建模題,漏條件、選錯模型或未篩選合理解,4,G8國中適齡,MathAI原創語義分類
G08-N-SQRT-APPROX-01-T1,G08-N-SQRT-APPROX-01,N-8-2,平方根與根式,近似值,十分逼近,條件變形,用十分逼近或計算機估根號近似值；第二層：加入根式、分式係數、多步驟、跨表徵或干擾資訊,進階變形題,局部技巧會但整體等價或條件失控,4,G8國中適齡,MathAI原創語義分類
G08-S-PYTH-01-C1,G08-S-PYTH-01,S-8-6,畢氏定理與距離,直角三角形,畢氏定理,概念辨識,理解直角三角形兩股平方和等於斜邊平方；第二層：辨認定義、條件、符號、式型或幾何性質,定義/式型/性質判斷,概念邊界、符號或條件混淆,1,G8國中適齡,MathAI原創語義分類
G08-S-PYTH-01-P1,G08-S-PYTH-01,S-8-6,畢氏定理與距離,直角三角形,畢氏定理,標準程序,理解直角三角形兩股平方和等於斜邊平方；第二層：依標準算法完成展開、化簡、解式、作圖、統計或數列計算,標準計算/解法,程序、符號、係數或運算順序錯誤,2,G8國中適齡,MathAI原創語義分類
G08-S-PYTH-01-V1,G08-S-PYTH-01,S-8-6,畢氏定理與距離,直角三角形,畢氏定理,多表徵轉換,理解直角三角形兩股平方和等於斜邊平方；第二層：在文字、代數式、坐標、函數圖、統計圖與幾何圖間轉換,圖↔式、表↔式、文字↔式,轉換後未保留原數學關係,3,G8國中適齡,MathAI原創語義分類
G08-S-PYTH-01-R1,G08-S-PYTH-01,S-8-6,畢氏定理與距離,直角三角形,畢氏定理,逆向與驗證,理解直角三角形兩股平方和等於斜邊平方；第二層：由結果反推條件、乘回驗證、代回驗根或檢查幾何依據,反推、驗算、找錯,只會正向套步驟，無法驗證,3,G8國中適齡,MathAI原創語義分類
G08-S-PYTH-01-A1,G08-S-PYTH-01,S-8-6,畢氏定理與距離,直角三角形,畢氏定理,情境建模,理解直角三角形兩股平方和等於斜邊平方；第二層：由情境設定變數、建立模型、選擇方法並解釋答案,應用/建模題,漏條件、選錯模型或未篩選合理解,4,G8國中適齡,MathAI原創語義分類
G08-S-PYTH-01-T1,G08-S-PYTH-01,S-8-6,畢氏定理與距離,直角三角形,畢氏定理,條件變形,理解直角三角形兩股平方和等於斜邊平方；第二層：加入根式、分式係數、多步驟、跨表徵或干擾資訊,進階變形題,局部技巧會但整體等價或條件失控,4,G8國中適齡,MathAI原創語義分類
G08-S-PYTH-INV-01-C1,G08-S-PYTH-INV-01,S-8-6,畢氏定理與距離,直角三角形,畢氏逆定理,概念辨識,用三邊平方關係判定直角三角形；第二層：辨認定義、條件、符號、式型或幾何性質,定義/式型/性質判斷,概念邊界、符號或條件混淆,1,G8國中適齡,MathAI原創語義分類
G08-S-PYTH-INV-01-P1,G08-S-PYTH-INV-01,S-8-6,畢氏定理與距離,直角三角形,畢氏逆定理,標準程序,用三邊平方關係判定直角三角形；第二層：依標準算法完成展開、化簡、解式、作圖、統計或數列計算,標準計算/解法,程序、符號、係數或運算順序錯誤,2,G8國中適齡,MathAI原創語義分類
G08-S-PYTH-INV-01-V1,G08-S-PYTH-INV-01,S-8-6,畢氏定理與距離,直角三角形,畢氏逆定理,多表徵轉換,用三邊平方關係判定直角三角形；第二層：在文字、代數式、坐標、函數圖、統計圖與幾何圖間轉換,圖↔式、表↔式、文字↔式,轉換後未保留原數學關係,3,G8國中適齡,MathAI原創語義分類
G08-S-PYTH-INV-01-R1,G08-S-PYTH-INV-01,S-8-6,畢氏定理與距離,直角三角形,畢氏逆定理,逆向與驗證,用三邊平方關係判定直角三角形；第二層：由結果反推條件、乘回驗證、代回驗根或檢查幾何依據,反推、驗算、找錯,只會正向套步驟，無法驗證,3,G8國中適齡,MathAI原創語義分類
G08-S-PYTH-INV-01-A1,G08-S-PYTH-INV-01,S-8-6,畢氏定理與距離,直角三角形,畢氏逆定理,情境建模,用三邊平方關係判定直角三角形；第二層：由情境設定變數、建立模型、選擇方法並解釋答案,應用/建模題,漏條件、選錯模型或未篩選合理解,4,G8國中適齡,MathAI原創語義分類
G08-S-PYTH-INV-01-T1,G08-S-PYTH-INV-01,S-8-6,畢氏定理與距離,直角三角形,畢氏逆定理,條件變形,用三邊平方關係判定直角三角形；第二層：加入根式、分式係數、多步驟、跨表徵或干擾資訊,進階變形題,局部技巧會但整體等價或條件失控,4,G8國中適齡,MathAI原創語義分類
G08-S-PYTH-INV-01-X1,G08-S-PYTH-INV-01,S-8-6,畢氏定理與距離,直角三角形,畢氏逆定理,跨主題整合,用三邊平方關係判定直角三角形；第二層：整合多項式、根式、方程式、函數、數列或幾何做非例行推理,跨單元/會考型,無法辨識多個技能的串接順序,5,G8國中適齡,MathAI原創語義分類
G08-S-PYTH-LEN-01-C1,G08-S-PYTH-LEN-01,S-8-6,畢氏定理與距離,直角三角形,未知邊長,概念辨識,由兩邊求第三邊並化簡根式；第二層：辨認定義、條件、符號、式型或幾何性質,定義/式型/性質判斷,概念邊界、符號或條件混淆,1,G8國中適齡,MathAI原創語義分類
G08-S-PYTH-LEN-01-P1,G08-S-PYTH-LEN-01,S-8-6,畢氏定理與距離,直角三角形,未知邊長,標準程序,由兩邊求第三邊並化簡根式；第二層：依標準算法完成展開、化簡、解式、作圖、統計或數列計算,標準計算/解法,程序、符號、係數或運算順序錯誤,2,G8國中適齡,MathAI原創語義分類
G08-S-PYTH-LEN-01-V1,G08-S-PYTH-LEN-01,S-8-6,畢氏定理與距離,直角三角形,未知邊長,多表徵轉換,由兩邊求第三邊並化簡根式；第二層：在文字、代數式、坐標、函數圖、統計圖與幾何圖間轉換,圖↔式、表↔式、文字↔式,轉換後未保留原數學關係,3,G8國中適齡,MathAI原創語義分類
G08-S-PYTH-LEN-01-R1,G08-S-PYTH-LEN-01,S-8-6,畢氏定理與距離,直角三角形,未知邊長,逆向與驗證,由兩邊求第三邊並化簡根式；第二層：由結果反推條件、乘回驗證、代回驗根或檢查幾何依據,反推、驗算、找錯,只會正向套步驟，無法驗證,3,G8國中適齡,MathAI原創語義分類
G08-S-PYTH-LEN-01-A1,G08-S-PYTH-LEN-01,S-8-6,畢氏定理與距離,直角三角形,未知邊長,情境建模,由兩邊求第三邊並化簡根式；第二層：由情境設定變數、建立模型、選擇方法並解釋答案,應用/建模題,漏條件、選錯模型或未篩選合理解,4,G8國中適齡,MathAI原創語義分類
G08-S-PYTH-LEN-01-T1,G08-S-PYTH-LEN-01,S-8-6,畢氏定理與距離,直角三角形,未知邊長,條件變形,由兩邊求第三邊並化簡根式；第二層：加入根式、分式係數、多步驟、跨表徵或干擾資訊,進階變形題,局部技巧會但整體等價或條件失控,4,G8國中適齡,MathAI原創語義分類
G08-S-PYTH-LEN-01-X1,G08-S-PYTH-LEN-01,S-8-6,畢氏定理與距離,直角三角形,未知邊長,跨主題整合,由兩邊求第三邊並化簡根式；第二層：整合多項式、根式、方程式、函數、數列或幾何做非例行推理,跨單元/會考型,無法辨識多個技能的串接順序,5,G8國中適齡,MathAI原創語義分類
G08-S-PYTH-APP-01-C1,G08-S-PYTH-APP-01,S-8-6,畢氏定理與距離,應用,生活與複合圖形,概念辨識,處理梯子、斜距、矩形對角線等；第二層：辨認定義、條件、符號、式型或幾何性質,定義/式型/性質判斷,概念邊界、符號或條件混淆,1,G8國中適齡,MathAI原創語義分類
G08-S-PYTH-APP-01-P1,G08-S-PYTH-APP-01,S-8-6,畢氏定理與距離,應用,生活與複合圖形,標準程序,處理梯子、斜距、矩形對角線等；第二層：依標準算法完成展開、化簡、解式、作圖、統計或數列計算,標準計算/解法,程序、符號、係數或運算順序錯誤,2,G8國中適齡,MathAI原創語義分類
G08-S-PYTH-APP-01-V1,G08-S-PYTH-APP-01,S-8-6,畢氏定理與距離,應用,生活與複合圖形,多表徵轉換,處理梯子、斜距、矩形對角線等；第二層：在文字、代數式、坐標、函數圖、統計圖與幾何圖間轉換,圖↔式、表↔式、文字↔式,轉換後未保留原數學關係,3,G8國中適齡,MathAI原創語義分類
G08-S-PYTH-APP-01-R1,G08-S-PYTH-APP-01,S-8-6,畢氏定理與距離,應用,生活與複合圖形,逆向與驗證,處理梯子、斜距、矩形對角線等；第二層：由結果反推條件、乘回驗證、代回驗根或檢查幾何依據,反推、驗算、找錯,只會正向套步驟，無法驗證,3,G8國中適齡,MathAI原創語義分類
G08-S-PYTH-APP-01-A1,G08-S-PYTH-APP-01,S-8-6,畢氏定理與距離,應用,生活與複合圖形,情境建模,處理梯子、斜距、矩形對角線等；第二層：由情境設定變數、建立模型、選擇方法並解釋答案,應用/建模題,漏條件、選錯模型或未篩選合理解,4,G8國中適齡,MathAI原創語義分類
G08-S-PYTH-APP-01-T1,G08-S-PYTH-APP-01,S-8-6,畢氏定理與距離,應用,生活與複合圖形,條件變形,處理梯子、斜距、矩形對角線等；第二層：加入根式、分式係數、多步驟、跨表徵或干擾資訊,進階變形題,局部技巧會但整體等價或條件失控,4,G8國中適齡,MathAI原創語義分類
G08-S-PYTH-APP-01-X1,G08-S-PYTH-APP-01,S-8-6,畢氏定理與距離,應用,生活與複合圖形,跨主題整合,處理梯子、斜距、矩形對角線等；第二層：整合多項式、根式、方程式、函數、數列或幾何做非例行推理,跨單元/會考型,無法辨識多個技能的串接順序,5,G8國中適齡,MathAI原創語義分類
G08-G-DIST-01-C1,G08-G-DIST-01,G-8-1 / S-8-6,畢氏定理與距離,坐標距離,兩點距離公式,概念辨識,由水平垂直差推導並使用兩點距離公式；第二層：辨認定義、條件、符號、式型或幾何性質,定義/式型/性質判斷,概念邊界、符號或條件混淆,1,G8國中適齡,MathAI原創語義分類
G08-G-DIST-01-P1,G08-G-DIST-01,G-8-1 / S-8-6,畢氏定理與距離,坐標距離,兩點距離公式,標準程序,由水平垂直差推導並使用兩點距離公式；第二層：依標準算法完成展開、化簡、解式、作圖、統計或數列計算,標準計算/解法,程序、符號、係數或運算順序錯誤,2,G8國中適齡,MathAI原創語義分類
G08-G-DIST-01-V1,G08-G-DIST-01,G-8-1 / S-8-6,畢氏定理與距離,坐標距離,兩點距離公式,多表徵轉換,由水平垂直差推導並使用兩點距離公式；第二層：在文字、代數式、坐標、函數圖、統計圖與幾何圖間轉換,圖↔式、表↔式、文字↔式,轉換後未保留原數學關係,3,G8國中適齡,MathAI原創語義分類
G08-G-DIST-01-R1,G08-G-DIST-01,G-8-1 / S-8-6,畢氏定理與距離,坐標距離,兩點距離公式,逆向與驗證,由水平垂直差推導並使用兩點距離公式；第二層：由結果反推條件、乘回驗證、代回驗根或檢查幾何依據,反推、驗算、找錯,只會正向套步驟，無法驗證,3,G8國中適齡,MathAI原創語義分類
G08-G-DIST-01-A1,G08-G-DIST-01,G-8-1 / S-8-6,畢氏定理與距離,坐標距離,兩點距離公式,情境建模,由水平垂直差推導並使用兩點距離公式；第二層：由情境設定變數、建立模型、選擇方法並解釋答案,應用/建模題,漏條件、選錯模型或未篩選合理解,4,G8國中適齡,MathAI原創語義分類
G08-G-DIST-01-T1,G08-G-DIST-01,G-8-1 / S-8-6,畢氏定理與距離,坐標距離,兩點距離公式,條件變形,由水平垂直差推導並使用兩點距離公式；第二層：加入根式、分式係數、多步驟、跨表徵或干擾資訊,進階變形題,局部技巧會但整體等價或條件失控,4,G8國中適齡,MathAI原創語義分類
G08-G-DIST-01-X1,G08-G-DIST-01,G-8-1 / S-8-6,畢氏定理與距離,坐標距離,兩點距離公式,跨主題整合,由水平垂直差推導並使用兩點距離公式；第二層：整合多項式、根式、方程式、函數、數列或幾何做非例行推理,跨單元/會考型,無法辨識多個技能的串接順序,5,G8國中適齡,MathAI原創語義分類
G08-G-DIST-APP-01-C1,G08-G-DIST-APP-01,G-8-1,畢氏定理與距離,坐標距離,坐標幾何應用,概念辨識,求坐標平面線段長與生活距離；第二層：辨認定義、條件、符號、式型或幾何性質,定義/式型/性質判斷,概念邊界、符號或條件混淆,1,G8國中適齡,MathAI原創語義分類
G08-G-DIST-APP-01-P1,G08-G-DIST-APP-01,G-8-1,畢氏定理與距離,坐標距離,坐標幾何應用,標準程序,求坐標平面線段長與生活距離；第二層：依標準算法完成展開、化簡、解式、作圖、統計或數列計算,標準計算/解法,程序、符號、係數或運算順序錯誤,2,G8國中適齡,MathAI原創語義分類
G08-G-DIST-APP-01-V1,G08-G-DIST-APP-01,G-8-1,畢氏定理與距離,坐標距離,坐標幾何應用,多表徵轉換,求坐標平面線段長與生活距離；第二層：在文字、代數式、坐標、函數圖、統計圖與幾何圖間轉換,圖↔式、表↔式、文字↔式,轉換後未保留原數學關係,3,G8國中適齡,MathAI原創語義分類
G08-G-DIST-APP-01-R1,G08-G-DIST-APP-01,G-8-1,畢氏定理與距離,坐標距離,坐標幾何應用,逆向與驗證,求坐標平面線段長與生活距離；第二層：由結果反推條件、乘回驗證、代回驗根或檢查幾何依據,反推、驗算、找錯,只會正向套步驟，無法驗證,3,G8國中適齡,MathAI原創語義分類
G08-G-DIST-APP-01-A1,G08-G-DIST-APP-01,G-8-1,畢氏定理與距離,坐標距離,坐標幾何應用,情境建模,求坐標平面線段長與生活距離；第二層：由情境設定變數、建立模型、選擇方法並解釋答案,應用/建模題,漏條件、選錯模型或未篩選合理解,4,G8國中適齡,MathAI原創語義分類
G08-G-DIST-APP-01-T1,G08-G-DIST-APP-01,G-8-1,畢氏定理與距離,坐標距離,坐標幾何應用,條件變形,求坐標平面線段長與生活距離；第二層：加入根式、分式係數、多步驟、跨表徵或干擾資訊,進階變形題,局部技巧會但整體等價或條件失控,4,G8國中適齡,MathAI原創語義分類
G08-G-DIST-APP-01-X1,G08-G-DIST-APP-01,G-8-1,畢氏定理與距離,坐標距離,坐標幾何應用,跨主題整合,求坐標平面線段長與生活距離；第二層：整合多項式、根式、方程式、函數、數列或幾何做非例行推理,跨單元/會考型,無法辨識多個技能的串接順序,5,G8國中適齡,MathAI原創語義分類
G08-A-FACTOR-MEAN-01-C1,G08-A-FACTOR-MEAN-01,A-8-4,因式分解,基本概念,因式與倍式,概念辨識,理解多項式乘積與因式關係；第二層：辨認定義、條件、符號、式型或幾何性質,定義/式型/性質判斷,概念邊界、符號或條件混淆,1,G8國中適齡,MathAI原創語義分類
G08-A-FACTOR-MEAN-01-P1,G08-A-FACTOR-MEAN-01,A-8-4,因式分解,基本概念,因式與倍式,標準程序,理解多項式乘積與因式關係；第二層：依標準算法完成展開、化簡、解式、作圖、統計或數列計算,標準計算/解法,程序、符號、係數或運算順序錯誤,2,G8國中適齡,MathAI原創語義分類
G08-A-FACTOR-MEAN-01-V1,G08-A-FACTOR-MEAN-01,A-8-4,因式分解,基本概念,因式與倍式,多表徵轉換,理解多項式乘積與因式關係；第二層：在文字、代數式、坐標、函數圖、統計圖與幾何圖間轉換,圖↔式、表↔式、文字↔式,轉換後未保留原數學關係,3,G8國中適齡,MathAI原創語義分類
G08-A-FACTOR-MEAN-01-R1,G08-A-FACTOR-MEAN-01,A-8-4,因式分解,基本概念,因式與倍式,逆向與驗證,理解多項式乘積與因式關係；第二層：由結果反推條件、乘回驗證、代回驗根或檢查幾何依據,反推、驗算、找錯,只會正向套步驟，無法驗證,3,G8國中適齡,MathAI原創語義分類
G08-A-FACTOR-MEAN-01-A1,G08-A-FACTOR-MEAN-01,A-8-4,因式分解,基本概念,因式與倍式,情境建模,理解多項式乘積與因式關係；第二層：由情境設定變數、建立模型、選擇方法並解釋答案,應用/建模題,漏條件、選錯模型或未篩選合理解,4,G8國中適齡,MathAI原創語義分類
G08-A-FACTOR-GCF-01-C1,G08-A-FACTOR-GCF-01,A-8-5,因式分解,提公因式,單項式公因式,概念辨識,提出各項最大共同單項式；第二層：辨認定義、條件、符號、式型或幾何性質,定義/式型/性質判斷,概念邊界、符號或條件混淆,1,G8國中適齡,MathAI原創語義分類
G08-A-FACTOR-GCF-01-P1,G08-A-FACTOR-GCF-01,A-8-5,因式分解,提公因式,單項式公因式,標準程序,提出各項最大共同單項式；第二層：依標準算法完成展開、化簡、解式、作圖、統計或數列計算,標準計算/解法,程序、符號、係數或運算順序錯誤,2,G8國中適齡,MathAI原創語義分類
G08-A-FACTOR-GCF-01-V1,G08-A-FACTOR-GCF-01,A-8-5,因式分解,提公因式,單項式公因式,多表徵轉換,提出各項最大共同單項式；第二層：在文字、代數式、坐標、函數圖、統計圖與幾何圖間轉換,圖↔式、表↔式、文字↔式,轉換後未保留原數學關係,3,G8國中適齡,MathAI原創語義分類
G08-A-FACTOR-GCF-01-R1,G08-A-FACTOR-GCF-01,A-8-5,因式分解,提公因式,單項式公因式,逆向與驗證,提出各項最大共同單項式；第二層：由結果反推條件、乘回驗證、代回驗根或檢查幾何依據,反推、驗算、找錯,只會正向套步驟，無法驗證,3,G8國中適齡,MathAI原創語義分類
G08-A-FACTOR-GCF-01-A1,G08-A-FACTOR-GCF-01,A-8-5,因式分解,提公因式,單項式公因式,情境建模,提出各項最大共同單項式；第二層：由情境設定變數、建立模型、選擇方法並解釋答案,應用/建模題,漏條件、選錯模型或未篩選合理解,4,G8國中適齡,MathAI原創語義分類
G08-A-FACTOR-GCF-01-T1,G08-A-FACTOR-GCF-01,A-8-5,因式分解,提公因式,單項式公因式,條件變形,提出各項最大共同單項式；第二層：加入根式、分式係數、多步驟、跨表徵或干擾資訊,進階變形題,局部技巧會但整體等價或條件失控,4,G8國中適齡,MathAI原創語義分類
G08-A-FACTOR-GROUP-01-C1,G08-A-FACTOR-GROUP-01,A-8-5,因式分解,提公因式,共同多項式因式,概念辨識,辨認共同括號/多項式因式；第二層：辨認定義、條件、符號、式型或幾何性質,定義/式型/性質判斷,概念邊界、符號或條件混淆,1,G8國中適齡,MathAI原創語義分類
G08-A-FACTOR-GROUP-01-P1,G08-A-FACTOR-GROUP-01,A-8-5,因式分解,提公因式,共同多項式因式,標準程序,辨認共同括號/多項式因式；第二層：依標準算法完成展開、化簡、解式、作圖、統計或數列計算,標準計算/解法,程序、符號、係數或運算順序錯誤,2,G8國中適齡,MathAI原創語義分類
G08-A-FACTOR-GROUP-01-V1,G08-A-FACTOR-GROUP-01,A-8-5,因式分解,提公因式,共同多項式因式,多表徵轉換,辨認共同括號/多項式因式；第二層：在文字、代數式、坐標、函數圖、統計圖與幾何圖間轉換,圖↔式、表↔式、文字↔式,轉換後未保留原數學關係,3,G8國中適齡,MathAI原創語義分類
G08-A-FACTOR-GROUP-01-R1,G08-A-FACTOR-GROUP-01,A-8-5,因式分解,提公因式,共同多項式因式,逆向與驗證,辨認共同括號/多項式因式；第二層：由結果反推條件、乘回驗證、代回驗根或檢查幾何依據,反推、驗算、找錯,只會正向套步驟，無法驗證,3,G8國中適齡,MathAI原創語義分類
G08-A-FACTOR-GROUP-01-A1,G08-A-FACTOR-GROUP-01,A-8-5,因式分解,提公因式,共同多項式因式,情境建模,辨認共同括號/多項式因式；第二層：由情境設定變數、建立模型、選擇方法並解釋答案,應用/建模題,漏條件、選錯模型或未篩選合理解,4,G8國中適齡,MathAI原創語義分類
G08-A-FACTOR-GROUP-01-T1,G08-A-FACTOR-GROUP-01,A-8-5,因式分解,提公因式,共同多項式因式,條件變形,辨認共同括號/多項式因式；第二層：加入根式、分式係數、多步驟、跨表徵或干擾資訊,進階變形題,局部技巧會但整體等價或條件失控,4,G8國中適齡,MathAI原創語義分類
G08-A-FACTOR-GROUP-01-X1,G08-A-FACTOR-GROUP-01,A-8-5,因式分解,提公因式,共同多項式因式,跨主題整合,辨認共同括號/多項式因式；第二層：整合多項式、根式、方程式、函數、數列或幾何做非例行推理,跨單元/會考型,無法辨識多個技能的串接順序,5,G8國中適齡,MathAI原創語義分類
G08-A-FACTOR-SQ1-01-C1,G08-A-FACTOR-SQ1-01,A-8-5,因式分解,乘法公式,完全平方公式因式分解,概念辨識,辨認a^2±2ab+b^2型式；第二層：辨認定義、條件、符號、式型或幾何性質,定義/式型/性質判斷,概念邊界、符號或條件混淆,1,G8國中適齡,MathAI原創語義分類
G08-A-FACTOR-SQ1-01-P1,G08-A-FACTOR-SQ1-01,A-8-5,因式分解,乘法公式,完全平方公式因式分解,標準程序,辨認a^2±2ab+b^2型式；第二層：依標準算法完成展開、化簡、解式、作圖、統計或數列計算,標準計算/解法,程序、符號、係數或運算順序錯誤,2,G8國中適齡,MathAI原創語義分類
G08-A-FACTOR-SQ1-01-V1,G08-A-FACTOR-SQ1-01,A-8-5,因式分解,乘法公式,完全平方公式因式分解,多表徵轉換,辨認a^2±2ab+b^2型式；第二層：在文字、代數式、坐標、函數圖、統計圖與幾何圖間轉換,圖↔式、表↔式、文字↔式,轉換後未保留原數學關係,3,G8國中適齡,MathAI原創語義分類
G08-A-FACTOR-SQ1-01-R1,G08-A-FACTOR-SQ1-01,A-8-5,因式分解,乘法公式,完全平方公式因式分解,逆向與驗證,辨認a^2±2ab+b^2型式；第二層：由結果反推條件、乘回驗證、代回驗根或檢查幾何依據,反推、驗算、找錯,只會正向套步驟，無法驗證,3,G8國中適齡,MathAI原創語義分類
G08-A-FACTOR-SQ1-01-A1,G08-A-FACTOR-SQ1-01,A-8-5,因式分解,乘法公式,完全平方公式因式分解,情境建模,辨認a^2±2ab+b^2型式；第二層：由情境設定變數、建立模型、選擇方法並解釋答案,應用/建模題,漏條件、選錯模型或未篩選合理解,4,G8國中適齡,MathAI原創語義分類
G08-A-FACTOR-SQ1-01-T1,G08-A-FACTOR-SQ1-01,A-8-5,因式分解,乘法公式,完全平方公式因式分解,條件變形,辨認a^2±2ab+b^2型式；第二層：加入根式、分式係數、多步驟、跨表徵或干擾資訊,進階變形題,局部技巧會但整體等價或條件失控,4,G8國中適齡,MathAI原創語義分類
G08-A-FACTOR-DIFFSQ-01-C1,G08-A-FACTOR-DIFFSQ-01,A-8-5,因式分解,乘法公式,平方差因式分解,概念辨識,辨認a^2-b^2並分解；第二層：辨認定義、條件、符號、式型或幾何性質,定義/式型/性質判斷,概念邊界、符號或條件混淆,1,G8國中適齡,MathAI原創語義分類
G08-A-FACTOR-DIFFSQ-01-P1,G08-A-FACTOR-DIFFSQ-01,A-8-5,因式分解,乘法公式,平方差因式分解,標準程序,辨認a^2-b^2並分解；第二層：依標準算法完成展開、化簡、解式、作圖、統計或數列計算,標準計算/解法,程序、符號、係數或運算順序錯誤,2,G8國中適齡,MathAI原創語義分類
G08-A-FACTOR-DIFFSQ-01-V1,G08-A-FACTOR-DIFFSQ-01,A-8-5,因式分解,乘法公式,平方差因式分解,多表徵轉換,辨認a^2-b^2並分解；第二層：在文字、代數式、坐標、函數圖、統計圖與幾何圖間轉換,圖↔式、表↔式、文字↔式,轉換後未保留原數學關係,3,G8國中適齡,MathAI原創語義分類
G08-A-FACTOR-DIFFSQ-01-R1,G08-A-FACTOR-DIFFSQ-01,A-8-5,因式分解,乘法公式,平方差因式分解,逆向與驗證,辨認a^2-b^2並分解；第二層：由結果反推條件、乘回驗證、代回驗根或檢查幾何依據,反推、驗算、找錯,只會正向套步驟，無法驗證,3,G8國中適齡,MathAI原創語義分類
G08-A-FACTOR-DIFFSQ-01-A1,G08-A-FACTOR-DIFFSQ-01,A-8-5,因式分解,乘法公式,平方差因式分解,情境建模,辨認a^2-b^2並分解；第二層：由情境設定變數、建立模型、選擇方法並解釋答案,應用/建模題,漏條件、選錯模型或未篩選合理解,4,G8國中適齡,MathAI原創語義分類
G08-A-FACTOR-DIFFSQ-01-T1,G08-A-FACTOR-DIFFSQ-01,A-8-5,因式分解,乘法公式,平方差因式分解,條件變形,辨認a^2-b^2並分解；第二層：加入根式、分式係數、多步驟、跨表徵或干擾資訊,進階變形題,局部技巧會但整體等價或條件失控,4,G8國中適齡,MathAI原創語義分類
G08-A-FACTOR-CROSS1-01-C1,G08-A-FACTOR-CROSS1-01,A-8-5,因式分解,十字交乘,首項係數1,概念辨識,分解x^2+bx+c整係數型；第二層：辨認定義、條件、符號、式型或幾何性質,定義/式型/性質判斷,概念邊界、符號或條件混淆,1,G8國中適齡,MathAI原創語義分類
G08-A-FACTOR-CROSS1-01-P1,G08-A-FACTOR-CROSS1-01,A-8-5,因式分解,十字交乘,首項係數1,標準程序,分解x^2+bx+c整係數型；第二層：依標準算法完成展開、化簡、解式、作圖、統計或數列計算,標準計算/解法,程序、符號、係數或運算順序錯誤,2,G8國中適齡,MathAI原創語義分類
G08-A-FACTOR-CROSS1-01-V1,G08-A-FACTOR-CROSS1-01,A-8-5,因式分解,十字交乘,首項係數1,多表徵轉換,分解x^2+bx+c整係數型；第二層：在文字、代數式、坐標、函數圖、統計圖與幾何圖間轉換,圖↔式、表↔式、文字↔式,轉換後未保留原數學關係,3,G8國中適齡,MathAI原創語義分類
G08-A-FACTOR-CROSS1-01-R1,G08-A-FACTOR-CROSS1-01,A-8-5,因式分解,十字交乘,首項係數1,逆向與驗證,分解x^2+bx+c整係數型；第二層：由結果反推條件、乘回驗證、代回驗根或檢查幾何依據,反推、驗算、找錯,只會正向套步驟，無法驗證,3,G8國中適齡,MathAI原創語義分類
G08-A-FACTOR-CROSS1-01-A1,G08-A-FACTOR-CROSS1-01,A-8-5,因式分解,十字交乘,首項係數1,情境建模,分解x^2+bx+c整係數型；第二層：由情境設定變數、建立模型、選擇方法並解釋答案,應用/建模題,漏條件、選錯模型或未篩選合理解,4,G8國中適齡,MathAI原創語義分類
G08-A-FACTOR-CROSS1-01-T1,G08-A-FACTOR-CROSS1-01,A-8-5,因式分解,十字交乘,首項係數1,條件變形,分解x^2+bx+c整係數型；第二層：加入根式、分式係數、多步驟、跨表徵或干擾資訊,進階變形題,局部技巧會但整體等價或條件失控,4,G8國中適齡,MathAI原創語義分類
G08-A-FACTOR-CROSS1-01-X1,G08-A-FACTOR-CROSS1-01,A-8-5,因式分解,十字交乘,首項係數1,跨主題整合,分解x^2+bx+c整係數型；第二層：整合多項式、根式、方程式、函數、數列或幾何做非例行推理,跨單元/會考型,無法辨識多個技能的串接順序,5,G8國中適齡,MathAI原創語義分類
G08-A-FACTOR-CROSS2-01-C1,G08-A-FACTOR-CROSS2-01,A-8-5,因式分解,十字交乘,首項係數非1,概念辨識,分解ax^2+bx+c整係數型；第二層：辨認定義、條件、符號、式型或幾何性質,定義/式型/性質判斷,概念邊界、符號或條件混淆,1,G8國中適齡,MathAI原創語義分類
G08-A-FACTOR-CROSS2-01-P1,G08-A-FACTOR-CROSS2-01,A-8-5,因式分解,十字交乘,首項係數非1,標準程序,分解ax^2+bx+c整係數型；第二層：依標準算法完成展開、化簡、解式、作圖、統計或數列計算,標準計算/解法,程序、符號、係數或運算順序錯誤,2,G8國中適齡,MathAI原創語義分類
G08-A-FACTOR-CROSS2-01-V1,G08-A-FACTOR-CROSS2-01,A-8-5,因式分解,十字交乘,首項係數非1,多表徵轉換,分解ax^2+bx+c整係數型；第二層：在文字、代數式、坐標、函數圖、統計圖與幾何圖間轉換,圖↔式、表↔式、文字↔式,轉換後未保留原數學關係,3,G8國中適齡,MathAI原創語義分類
G08-A-FACTOR-CROSS2-01-R1,G08-A-FACTOR-CROSS2-01,A-8-5,因式分解,十字交乘,首項係數非1,逆向與驗證,分解ax^2+bx+c整係數型；第二層：由結果反推條件、乘回驗證、代回驗根或檢查幾何依據,反推、驗算、找錯,只會正向套步驟，無法驗證,3,G8國中適齡,MathAI原創語義分類
G08-A-FACTOR-CROSS2-01-A1,G08-A-FACTOR-CROSS2-01,A-8-5,因式分解,十字交乘,首項係數非1,情境建模,分解ax^2+bx+c整係數型；第二層：由情境設定變數、建立模型、選擇方法並解釋答案,應用/建模題,漏條件、選錯模型或未篩選合理解,4,G8國中適齡,MathAI原創語義分類
G08-A-FACTOR-CROSS2-01-T1,G08-A-FACTOR-CROSS2-01,A-8-5,因式分解,十字交乘,首項係數非1,條件變形,分解ax^2+bx+c整係數型；第二層：加入根式、分式係數、多步驟、跨表徵或干擾資訊,進階變形題,局部技巧會但整體等價或條件失控,4,G8國中適齡,MathAI原創語義分類
G08-A-FACTOR-CROSS2-01-X1,G08-A-FACTOR-CROSS2-01,A-8-5,因式分解,十字交乘,首項係數非1,跨主題整合,分解ax^2+bx+c整係數型；第二層：整合多項式、根式、方程式、函數、數列或幾何做非例行推理,跨單元/會考型,無法辨識多個技能的串接順序,5,G8國中適齡,MathAI原創語義分類
G08-A-FACTOR-CHOICE-01-C1,G08-A-FACTOR-CHOICE-01,A-8-4 / A-8-5,因式分解,策略選擇,選擇因式分解方法,概念辨識,先觀察公因式再判斷公式/十字交乘；第二層：辨認定義、條件、符號、式型或幾何性質,定義/式型/性質判斷,概念邊界、符號或條件混淆,1,G8國中適齡,MathAI原創語義分類
G08-A-FACTOR-CHOICE-01-P1,G08-A-FACTOR-CHOICE-01,A-8-4 / A-8-5,因式分解,策略選擇,選擇因式分解方法,標準程序,先觀察公因式再判斷公式/十字交乘；第二層：依標準算法完成展開、化簡、解式、作圖、統計或數列計算,標準計算/解法,程序、符號、係數或運算順序錯誤,2,G8國中適齡,MathAI原創語義分類
G08-A-FACTOR-CHOICE-01-V1,G08-A-FACTOR-CHOICE-01,A-8-4 / A-8-5,因式分解,策略選擇,選擇因式分解方法,多表徵轉換,先觀察公因式再判斷公式/十字交乘；第二層：在文字、代數式、坐標、函數圖、統計圖與幾何圖間轉換,圖↔式、表↔式、文字↔式,轉換後未保留原數學關係,3,G8國中適齡,MathAI原創語義分類
G08-A-FACTOR-CHOICE-01-R1,G08-A-FACTOR-CHOICE-01,A-8-4 / A-8-5,因式分解,策略選擇,選擇因式分解方法,逆向與驗證,先觀察公因式再判斷公式/十字交乘；第二層：由結果反推條件、乘回驗證、代回驗根或檢查幾何依據,反推、驗算、找錯,只會正向套步驟，無法驗證,3,G8國中適齡,MathAI原創語義分類
G08-A-FACTOR-CHOICE-01-A1,G08-A-FACTOR-CHOICE-01,A-8-4 / A-8-5,因式分解,策略選擇,選擇因式分解方法,情境建模,先觀察公因式再判斷公式/十字交乘；第二層：由情境設定變數、建立模型、選擇方法並解釋答案,應用/建模題,漏條件、選錯模型或未篩選合理解,4,G8國中適齡,MathAI原創語義分類
G08-A-FACTOR-CHOICE-01-T1,G08-A-FACTOR-CHOICE-01,A-8-4 / A-8-5,因式分解,策略選擇,選擇因式分解方法,條件變形,先觀察公因式再判斷公式/十字交乘；第二層：加入根式、分式係數、多步驟、跨表徵或干擾資訊,進階變形題,局部技巧會但整體等價或條件失控,4,G8國中適齡,MathAI原創語義分類
G08-A-FACTOR-CHOICE-01-X1,G08-A-FACTOR-CHOICE-01,A-8-4 / A-8-5,因式分解,策略選擇,選擇因式分解方法,跨主題整合,先觀察公因式再判斷公式/十字交乘；第二層：整合多項式、根式、方程式、函數、數列或幾何做非例行推理,跨單元/會考型,無法辨識多個技能的串接順序,5,G8國中適齡,MathAI原創語義分類
G08-A-FACTOR-CHECK-01-C1,G08-A-FACTOR-CHECK-01,A-8-4,因式分解,驗證,乘回驗證,概念辨識,將分解結果展開確認等於原式；第二層：辨認定義、條件、符號、式型或幾何性質,定義/式型/性質判斷,概念邊界、符號或條件混淆,1,G8國中適齡,MathAI原創語義分類
G08-A-FACTOR-CHECK-01-P1,G08-A-FACTOR-CHECK-01,A-8-4,因式分解,驗證,乘回驗證,標準程序,將分解結果展開確認等於原式；第二層：依標準算法完成展開、化簡、解式、作圖、統計或數列計算,標準計算/解法,程序、符號、係數或運算順序錯誤,2,G8國中適齡,MathAI原創語義分類
G08-A-FACTOR-CHECK-01-V1,G08-A-FACTOR-CHECK-01,A-8-4,因式分解,驗證,乘回驗證,多表徵轉換,將分解結果展開確認等於原式；第二層：在文字、代數式、坐標、函數圖、統計圖與幾何圖間轉換,圖↔式、表↔式、文字↔式,轉換後未保留原數學關係,3,G8國中適齡,MathAI原創語義分類
G08-A-FACTOR-CHECK-01-R1,G08-A-FACTOR-CHECK-01,A-8-4,因式分解,驗證,乘回驗證,逆向與驗證,將分解結果展開確認等於原式；第二層：由結果反推條件、乘回驗證、代回驗根或檢查幾何依據,反推、驗算、找錯,只會正向套步驟，無法驗證,3,G8國中適齡,MathAI原創語義分類
G08-A-FACTOR-CHECK-01-A1,G08-A-FACTOR-CHECK-01,A-8-4,因式分解,驗證,乘回驗證,情境建模,將分解結果展開確認等於原式；第二層：由情境設定變數、建立模型、選擇方法並解釋答案,應用/建模題,漏條件、選錯模型或未篩選合理解,4,G8國中適齡,MathAI原創語義分類
G08-A-FACTOR-CHECK-01-T1,G08-A-FACTOR-CHECK-01,A-8-4,因式分解,驗證,乘回驗證,條件變形,將分解結果展開確認等於原式；第二層：加入根式、分式係數、多步驟、跨表徵或干擾資訊,進階變形題,局部技巧會但整體等價或條件失控,4,G8國中適齡,MathAI原創語義分類
G08-A-QUAD-MEAN-01-C1,G08-A-QUAD-MEAN-01,A-8-6,一元二次方程式,方程式意義,一元二次方程式與解,概念辨識,辨認標準形式、係數與解的意義；第二層：辨認定義、條件、符號、式型或幾何性質,定義/式型/性質判斷,概念邊界、符號或條件混淆,1,G8國中適齡,MathAI原創語義分類
G08-A-QUAD-MEAN-01-P1,G08-A-QUAD-MEAN-01,A-8-6,一元二次方程式,方程式意義,一元二次方程式與解,標準程序,辨認標準形式、係數與解的意義；第二層：依標準算法完成展開、化簡、解式、作圖、統計或數列計算,標準計算/解法,程序、符號、係數或運算順序錯誤,2,G8國中適齡,MathAI原創語義分類
G08-A-QUAD-MEAN-01-V1,G08-A-QUAD-MEAN-01,A-8-6,一元二次方程式,方程式意義,一元二次方程式與解,多表徵轉換,辨認標準形式、係數與解的意義；第二層：在文字、代數式、坐標、函數圖、統計圖與幾何圖間轉換,圖↔式、表↔式、文字↔式,轉換後未保留原數學關係,3,G8國中適齡,MathAI原創語義分類
G08-A-QUAD-MEAN-01-R1,G08-A-QUAD-MEAN-01,A-8-6,一元二次方程式,方程式意義,一元二次方程式與解,逆向與驗證,辨認標準形式、係數與解的意義；第二層：由結果反推條件、乘回驗證、代回驗根或檢查幾何依據,反推、驗算、找錯,只會正向套步驟，無法驗證,3,G8國中適齡,MathAI原創語義分類
G08-A-QUAD-MEAN-01-A1,G08-A-QUAD-MEAN-01,A-8-6,一元二次方程式,方程式意義,一元二次方程式與解,情境建模,辨認標準形式、係數與解的意義；第二層：由情境設定變數、建立模型、選擇方法並解釋答案,應用/建模題,漏條件、選錯模型或未篩選合理解,4,G8國中適齡,MathAI原創語義分類
G08-A-QUAD-MEAN-01-T1,G08-A-QUAD-MEAN-01,A-8-6,一元二次方程式,方程式意義,一元二次方程式與解,條件變形,辨認標準形式、係數與解的意義；第二層：加入根式、分式係數、多步驟、跨表徵或干擾資訊,進階變形題,局部技巧會但整體等價或條件失控,4,G8國中適齡,MathAI原創語義分類
G08-A-QUAD-FORM-01-C1,G08-A-QUAD-FORM-01,A-8-6,一元二次方程式,列式,由情境列二次方程式,概念辨識,從面積、連續整數等情境建立方程式；第二層：辨認定義、條件、符號、式型或幾何性質,定義/式型/性質判斷,概念邊界、符號或條件混淆,1,G8國中適齡,MathAI原創語義分類
G08-A-QUAD-FORM-01-P1,G08-A-QUAD-FORM-01,A-8-6,一元二次方程式,列式,由情境列二次方程式,標準程序,從面積、連續整數等情境建立方程式；第二層：依標準算法完成展開、化簡、解式、作圖、統計或數列計算,標準計算/解法,程序、符號、係數或運算順序錯誤,2,G8國中適齡,MathAI原創語義分類
G08-A-QUAD-FORM-01-V1,G08-A-QUAD-FORM-01,A-8-6,一元二次方程式,列式,由情境列二次方程式,多表徵轉換,從面積、連續整數等情境建立方程式；第二層：在文字、代數式、坐標、函數圖、統計圖與幾何圖間轉換,圖↔式、表↔式、文字↔式,轉換後未保留原數學關係,3,G8國中適齡,MathAI原創語義分類
G08-A-QUAD-FORM-01-R1,G08-A-QUAD-FORM-01,A-8-6,一元二次方程式,列式,由情境列二次方程式,逆向與驗證,從面積、連續整數等情境建立方程式；第二層：由結果反推條件、乘回驗證、代回驗根或檢查幾何依據,反推、驗算、找錯,只會正向套步驟，無法驗證,3,G8國中適齡,MathAI原創語義分類
G08-A-QUAD-FORM-01-A1,G08-A-QUAD-FORM-01,A-8-6,一元二次方程式,列式,由情境列二次方程式,情境建模,從面積、連續整數等情境建立方程式；第二層：由情境設定變數、建立模型、選擇方法並解釋答案,應用/建模題,漏條件、選錯模型或未篩選合理解,4,G8國中適齡,MathAI原創語義分類
G08-A-QUAD-FORM-01-T1,G08-A-QUAD-FORM-01,A-8-6,一元二次方程式,列式,由情境列二次方程式,條件變形,從面積、連續整數等情境建立方程式；第二層：加入根式、分式係數、多步驟、跨表徵或干擾資訊,進階變形題,局部技巧會但整體等價或條件失控,4,G8國中適齡,MathAI原創語義分類
G08-A-QUAD-FORM-01-X1,G08-A-QUAD-FORM-01,A-8-6,一元二次方程式,列式,由情境列二次方程式,跨主題整合,從面積、連續整數等情境建立方程式；第二層：整合多項式、根式、方程式、函數、數列或幾何做非例行推理,跨單元/會考型,無法辨識多個技能的串接順序,5,G8國中適齡,MathAI原創語義分類
G08-A-QUAD-FACT-01-C1,G08-A-QUAD-FACT-01,A-8-7,一元二次方程式,解法,因式分解法,概念辨識,利用零乘積性質求解；第二層：辨認定義、條件、符號、式型或幾何性質,定義/式型/性質判斷,概念邊界、符號或條件混淆,1,G8國中適齡,MathAI原創語義分類
G08-A-QUAD-FACT-01-P1,G08-A-QUAD-FACT-01,A-8-7,一元二次方程式,解法,因式分解法,標準程序,利用零乘積性質求解；第二層：依標準算法完成展開、化簡、解式、作圖、統計或數列計算,標準計算/解法,程序、符號、係數或運算順序錯誤,2,G8國中適齡,MathAI原創語義分類
G08-A-QUAD-FACT-01-V1,G08-A-QUAD-FACT-01,A-8-7,一元二次方程式,解法,因式分解法,多表徵轉換,利用零乘積性質求解；第二層：在文字、代數式、坐標、函數圖、統計圖與幾何圖間轉換,圖↔式、表↔式、文字↔式,轉換後未保留原數學關係,3,G8國中適齡,MathAI原創語義分類
G08-A-QUAD-FACT-01-R1,G08-A-QUAD-FACT-01,A-8-7,一元二次方程式,解法,因式分解法,逆向與驗證,利用零乘積性質求解；第二層：由結果反推條件、乘回驗證、代回驗根或檢查幾何依據,反推、驗算、找錯,只會正向套步驟，無法驗證,3,G8國中適齡,MathAI原創語義分類
G08-A-QUAD-FACT-01-A1,G08-A-QUAD-FACT-01,A-8-7,一元二次方程式,解法,因式分解法,情境建模,利用零乘積性質求解；第二層：由情境設定變數、建立模型、選擇方法並解釋答案,應用/建模題,漏條件、選錯模型或未篩選合理解,4,G8國中適齡,MathAI原創語義分類
G08-A-QUAD-FACT-01-T1,G08-A-QUAD-FACT-01,A-8-7,一元二次方程式,解法,因式分解法,條件變形,利用零乘積性質求解；第二層：加入根式、分式係數、多步驟、跨表徵或干擾資訊,進階變形題,局部技巧會但整體等價或條件失控,4,G8國中適齡,MathAI原創語義分類
G08-A-QUAD-FACT-01-X1,G08-A-QUAD-FACT-01,A-8-7,一元二次方程式,解法,因式分解法,跨主題整合,利用零乘積性質求解；第二層：整合多項式、根式、方程式、函數、數列或幾何做非例行推理,跨單元/會考型,無法辨識多個技能的串接順序,5,G8國中適齡,MathAI原創語義分類
G08-A-QUAD-SQRT-01-C1,G08-A-QUAD-SQRT-01,A-8-7,一元二次方程式,解法,平方根法,概念辨識,解(x+h)^2=k類型；第二層：辨認定義、條件、符號、式型或幾何性質,定義/式型/性質判斷,概念邊界、符號或條件混淆,1,G8國中適齡,MathAI原創語義分類
G08-A-QUAD-SQRT-01-P1,G08-A-QUAD-SQRT-01,A-8-7,一元二次方程式,解法,平方根法,標準程序,解(x+h)^2=k類型；第二層：依標準算法完成展開、化簡、解式、作圖、統計或數列計算,標準計算/解法,程序、符號、係數或運算順序錯誤,2,G8國中適齡,MathAI原創語義分類
G08-A-QUAD-SQRT-01-V1,G08-A-QUAD-SQRT-01,A-8-7,一元二次方程式,解法,平方根法,多表徵轉換,解(x+h)^2=k類型；第二層：在文字、代數式、坐標、函數圖、統計圖與幾何圖間轉換,圖↔式、表↔式、文字↔式,轉換後未保留原數學關係,3,G8國中適齡,MathAI原創語義分類
G08-A-QUAD-SQRT-01-R1,G08-A-QUAD-SQRT-01,A-8-7,一元二次方程式,解法,平方根法,逆向與驗證,解(x+h)^2=k類型；第二層：由結果反推條件、乘回驗證、代回驗根或檢查幾何依據,反推、驗算、找錯,只會正向套步驟，無法驗證,3,G8國中適齡,MathAI原創語義分類
G08-A-QUAD-SQRT-01-A1,G08-A-QUAD-SQRT-01,A-8-7,一元二次方程式,解法,平方根法,情境建模,解(x+h)^2=k類型；第二層：由情境設定變數、建立模型、選擇方法並解釋答案,應用/建模題,漏條件、選錯模型或未篩選合理解,4,G8國中適齡,MathAI原創語義分類
G08-A-QUAD-SQRT-01-T1,G08-A-QUAD-SQRT-01,A-8-7,一元二次方程式,解法,平方根法,條件變形,解(x+h)^2=k類型；第二層：加入根式、分式係數、多步驟、跨表徵或干擾資訊,進階變形題,局部技巧會但整體等價或條件失控,4,G8國中適齡,MathAI原創語義分類
G08-A-QUAD-SQRT-01-X1,G08-A-QUAD-SQRT-01,A-8-7,一元二次方程式,解法,平方根法,跨主題整合,解(x+h)^2=k類型；第二層：整合多項式、根式、方程式、函數、數列或幾何做非例行推理,跨單元/會考型,無法辨識多個技能的串接順序,5,G8國中適齡,MathAI原創語義分類
G08-A-QUAD-COMPLETE-01-C1,G08-A-QUAD-COMPLETE-01,A-8-7,一元二次方程式,解法,配方法,概念辨識,把一般式轉為完全平方形式；第二層：辨認定義、條件、符號、式型或幾何性質,定義/式型/性質判斷,概念邊界、符號或條件混淆,1,G8國中適齡,MathAI原創語義分類
G08-A-QUAD-COMPLETE-01-P1,G08-A-QUAD-COMPLETE-01,A-8-7,一元二次方程式,解法,配方法,標準程序,把一般式轉為完全平方形式；第二層：依標準算法完成展開、化簡、解式、作圖、統計或數列計算,標準計算/解法,程序、符號、係數或運算順序錯誤,2,G8國中適齡,MathAI原創語義分類
G08-A-QUAD-COMPLETE-01-V1,G08-A-QUAD-COMPLETE-01,A-8-7,一元二次方程式,解法,配方法,多表徵轉換,把一般式轉為完全平方形式；第二層：在文字、代數式、坐標、函數圖、統計圖與幾何圖間轉換,圖↔式、表↔式、文字↔式,轉換後未保留原數學關係,3,G8國中適齡,MathAI原創語義分類
G08-A-QUAD-COMPLETE-01-R1,G08-A-QUAD-COMPLETE-01,A-8-7,一元二次方程式,解法,配方法,逆向與驗證,把一般式轉為完全平方形式；第二層：由結果反推條件、乘回驗證、代回驗根或檢查幾何依據,反推、驗算、找錯,只會正向套步驟，無法驗證,3,G8國中適齡,MathAI原創語義分類
G08-A-QUAD-COMPLETE-01-A1,G08-A-QUAD-COMPLETE-01,A-8-7,一元二次方程式,解法,配方法,情境建模,把一般式轉為完全平方形式；第二層：由情境設定變數、建立模型、選擇方法並解釋答案,應用/建模題,漏條件、選錯模型或未篩選合理解,4,G8國中適齡,MathAI原創語義分類
G08-A-QUAD-COMPLETE-01-T1,G08-A-QUAD-COMPLETE-01,A-8-7,一元二次方程式,解法,配方法,條件變形,把一般式轉為完全平方形式；第二層：加入根式、分式係數、多步驟、跨表徵或干擾資訊,進階變形題,局部技巧會但整體等價或條件失控,4,G8國中適齡,MathAI原創語義分類
G08-A-QUAD-COMPLETE-01-X1,G08-A-QUAD-COMPLETE-01,A-8-7,一元二次方程式,解法,配方法,跨主題整合,把一般式轉為完全平方形式；第二層：整合多項式、根式、方程式、函數、數列或幾何做非例行推理,跨單元/會考型,無法辨識多個技能的串接順序,5,G8國中適齡,MathAI原創語義分類
G08-A-QUAD-FORMULA-01-C1,G08-A-QUAD-FORMULA-01,A-8-7,一元二次方程式,解法,公式解,概念辨識,"正確代入a,b,c並計算二次公式；第二層：辨認定義、條件、符號、式型或幾何性質",定義/式型/性質判斷,概念邊界、符號或條件混淆,1,G8國中適齡,MathAI原創語義分類
G08-A-QUAD-FORMULA-01-P1,G08-A-QUAD-FORMULA-01,A-8-7,一元二次方程式,解法,公式解,標準程序,"正確代入a,b,c並計算二次公式；第二層：依標準算法完成展開、化簡、解式、作圖、統計或數列計算",標準計算/解法,程序、符號、係數或運算順序錯誤,2,G8國中適齡,MathAI原創語義分類
G08-A-QUAD-FORMULA-01-V1,G08-A-QUAD-FORMULA-01,A-8-7,一元二次方程式,解法,公式解,多表徵轉換,"正確代入a,b,c並計算二次公式；第二層：在文字、代數式、坐標、函數圖、統計圖與幾何圖間轉換",圖↔式、表↔式、文字↔式,轉換後未保留原數學關係,3,G8國中適齡,MathAI原創語義分類
G08-A-QUAD-FORMULA-01-R1,G08-A-QUAD-FORMULA-01,A-8-7,一元二次方程式,解法,公式解,逆向與驗證,"正確代入a,b,c並計算二次公式；第二層：由結果反推條件、乘回驗證、代回驗根或檢查幾何依據",反推、驗算、找錯,只會正向套步驟，無法驗證,3,G8國中適齡,MathAI原創語義分類
G08-A-QUAD-FORMULA-01-A1,G08-A-QUAD-FORMULA-01,A-8-7,一元二次方程式,解法,公式解,情境建模,"正確代入a,b,c並計算二次公式；第二層：由情境設定變數、建立模型、選擇方法並解釋答案",應用/建模題,漏條件、選錯模型或未篩選合理解,4,G8國中適齡,MathAI原創語義分類
G08-A-QUAD-FORMULA-01-T1,G08-A-QUAD-FORMULA-01,A-8-7,一元二次方程式,解法,公式解,條件變形,"正確代入a,b,c並計算二次公式；第二層：加入根式、分式係數、多步驟、跨表徵或干擾資訊",進階變形題,局部技巧會但整體等價或條件失控,4,G8國中適齡,MathAI原創語義分類
G08-A-QUAD-FORMULA-01-X1,G08-A-QUAD-FORMULA-01,A-8-7,一元二次方程式,解法,公式解,跨主題整合,"正確代入a,b,c並計算二次公式；第二層：整合多項式、根式、方程式、函數、數列或幾何做非例行推理",跨單元/會考型,無法辨識多個技能的串接順序,5,G8國中適齡,MathAI原創語義分類
G08-A-QUAD-ROOTTYPE-01-C1,G08-A-QUAD-ROOTTYPE-01,A-8-7,一元二次方程式,根的判讀,根的存在與重根初步,概念辨識,由解法結果判斷兩實根/重根/無實根的簡單案例；第二層：辨認定義、條件、符號、式型或幾何性質,定義/式型/性質判斷,概念邊界、符號或條件混淆,1,G8國中適齡,MathAI原創語義分類
G08-A-QUAD-ROOTTYPE-01-P1,G08-A-QUAD-ROOTTYPE-01,A-8-7,一元二次方程式,根的判讀,根的存在與重根初步,標準程序,由解法結果判斷兩實根/重根/無實根的簡單案例；第二層：依標準算法完成展開、化簡、解式、作圖、統計或數列計算,標準計算/解法,程序、符號、係數或運算順序錯誤,2,G8國中適齡,MathAI原創語義分類
G08-A-QUAD-ROOTTYPE-01-V1,G08-A-QUAD-ROOTTYPE-01,A-8-7,一元二次方程式,根的判讀,根的存在與重根初步,多表徵轉換,由解法結果判斷兩實根/重根/無實根的簡單案例；第二層：在文字、代數式、坐標、函數圖、統計圖與幾何圖間轉換,圖↔式、表↔式、文字↔式,轉換後未保留原數學關係,3,G8國中適齡,MathAI原創語義分類
G08-A-QUAD-ROOTTYPE-01-R1,G08-A-QUAD-ROOTTYPE-01,A-8-7,一元二次方程式,根的判讀,根的存在與重根初步,逆向與驗證,由解法結果判斷兩實根/重根/無實根的簡單案例；第二層：由結果反推條件、乘回驗證、代回驗根或檢查幾何依據,反推、驗算、找錯,只會正向套步驟，無法驗證,3,G8國中適齡,MathAI原創語義分類
G08-A-QUAD-ROOTTYPE-01-A1,G08-A-QUAD-ROOTTYPE-01,A-8-7,一元二次方程式,根的判讀,根的存在與重根初步,情境建模,由解法結果判斷兩實根/重根/無實根的簡單案例；第二層：由情境設定變數、建立模型、選擇方法並解釋答案,應用/建模題,漏條件、選錯模型或未篩選合理解,4,G8國中適齡,MathAI原創語義分類
G08-A-QUAD-ROOTTYPE-01-T1,G08-A-QUAD-ROOTTYPE-01,A-8-7,一元二次方程式,根的判讀,根的存在與重根初步,條件變形,由解法結果判斷兩實根/重根/無實根的簡單案例；第二層：加入根式、分式係數、多步驟、跨表徵或干擾資訊,進階變形題,局部技巧會但整體等價或條件失控,4,G8國中適齡,MathAI原創語義分類
G08-A-QUAD-ROOTTYPE-01-X1,G08-A-QUAD-ROOTTYPE-01,A-8-7,一元二次方程式,根的判讀,根的存在與重根初步,跨主題整合,由解法結果判斷兩實根/重根/無實根的簡單案例；第二層：整合多項式、根式、方程式、函數、數列或幾何做非例行推理,跨單元/會考型,無法辨識多個技能的串接順序,5,G8國中適齡,MathAI原創語義分類
G08-A-QUAD-CHECK-01-C1,G08-A-QUAD-CHECK-01,A-8-7,一元二次方程式,驗算,代回驗根,概念辨識,代回原方程式確認候選解；第二層：辨認定義、條件、符號、式型或幾何性質,定義/式型/性質判斷,概念邊界、符號或條件混淆,1,G8國中適齡,MathAI原創語義分類
G08-A-QUAD-CHECK-01-P1,G08-A-QUAD-CHECK-01,A-8-7,一元二次方程式,驗算,代回驗根,標準程序,代回原方程式確認候選解；第二層：依標準算法完成展開、化簡、解式、作圖、統計或數列計算,標準計算/解法,程序、符號、係數或運算順序錯誤,2,G8國中適齡,MathAI原創語義分類
G08-A-QUAD-CHECK-01-V1,G08-A-QUAD-CHECK-01,A-8-7,一元二次方程式,驗算,代回驗根,多表徵轉換,代回原方程式確認候選解；第二層：在文字、代數式、坐標、函數圖、統計圖與幾何圖間轉換,圖↔式、表↔式、文字↔式,轉換後未保留原數學關係,3,G8國中適齡,MathAI原創語義分類
G08-A-QUAD-CHECK-01-R1,G08-A-QUAD-CHECK-01,A-8-7,一元二次方程式,驗算,代回驗根,逆向與驗證,代回原方程式確認候選解；第二層：由結果反推條件、乘回驗證、代回驗根或檢查幾何依據,反推、驗算、找錯,只會正向套步驟，無法驗證,3,G8國中適齡,MathAI原創語義分類
G08-A-QUAD-CHECK-01-A1,G08-A-QUAD-CHECK-01,A-8-7,一元二次方程式,驗算,代回驗根,情境建模,代回原方程式確認候選解；第二層：由情境設定變數、建立模型、選擇方法並解釋答案,應用/建模題,漏條件、選錯模型或未篩選合理解,4,G8國中適齡,MathAI原創語義分類
G08-A-QUAD-CHECK-01-T1,G08-A-QUAD-CHECK-01,A-8-7,一元二次方程式,驗算,代回驗根,條件變形,代回原方程式確認候選解；第二層：加入根式、分式係數、多步驟、跨表徵或干擾資訊,進階變形題,局部技巧會但整體等價或條件失控,4,G8國中適齡,MathAI原創語義分類
G08-A-QUAD-APP-01-C1,G08-A-QUAD-APP-01,A-8-7,一元二次方程式,應用,面積與數量應用,概念辨識,設定未知數、列式、選合理根並解釋；第二層：辨認定義、條件、符號、式型或幾何性質,定義/式型/性質判斷,概念邊界、符號或條件混淆,1,G8國中適齡,MathAI原創語義分類
G08-A-QUAD-APP-01-P1,G08-A-QUAD-APP-01,A-8-7,一元二次方程式,應用,面積與數量應用,標準程序,設定未知數、列式、選合理根並解釋；第二層：依標準算法完成展開、化簡、解式、作圖、統計或數列計算,標準計算/解法,程序、符號、係數或運算順序錯誤,2,G8國中適齡,MathAI原創語義分類
G08-A-QUAD-APP-01-V1,G08-A-QUAD-APP-01,A-8-7,一元二次方程式,應用,面積與數量應用,多表徵轉換,設定未知數、列式、選合理根並解釋；第二層：在文字、代數式、坐標、函數圖、統計圖與幾何圖間轉換,圖↔式、表↔式、文字↔式,轉換後未保留原數學關係,3,G8國中適齡,MathAI原創語義分類
G08-A-QUAD-APP-01-R1,G08-A-QUAD-APP-01,A-8-7,一元二次方程式,應用,面積與數量應用,逆向與驗證,設定未知數、列式、選合理根並解釋；第二層：由結果反推條件、乘回驗證、代回驗根或檢查幾何依據,反推、驗算、找錯,只會正向套步驟，無法驗證,3,G8國中適齡,MathAI原創語義分類
G08-A-QUAD-APP-01-A1,G08-A-QUAD-APP-01,A-8-7,一元二次方程式,應用,面積與數量應用,情境建模,設定未知數、列式、選合理根並解釋；第二層：由情境設定變數、建立模型、選擇方法並解釋答案,應用/建模題,漏條件、選錯模型或未篩選合理解,4,G8國中適齡,MathAI原創語義分類
G08-A-QUAD-APP-01-T1,G08-A-QUAD-APP-01,A-8-7,一元二次方程式,應用,面積與數量應用,條件變形,設定未知數、列式、選合理根並解釋；第二層：加入根式、分式係數、多步驟、跨表徵或干擾資訊,進階變形題,局部技巧會但整體等價或條件失控,4,G8國中適齡,MathAI原創語義分類
G08-A-QUAD-APP-01-X1,G08-A-QUAD-APP-01,A-8-7,一元二次方程式,應用,面積與數量應用,跨主題整合,設定未知數、列式、選合理根並解釋；第二層：整合多項式、根式、方程式、函數、數列或幾何做非例行推理,跨單元/會考型,無法辨識多個技能的串接順序,5,G8國中適齡,MathAI原創語義分類
G08-A-QUAD-APPROX-01-C1,G08-A-QUAD-APPROX-01,A-8-7 / N-8-2,一元二次方程式,近似解,計算機近似根,概念辨識,對非整根解做適當近似與情境解釋；第二層：辨認定義、條件、符號、式型或幾何性質,定義/式型/性質判斷,概念邊界、符號或條件混淆,1,G8國中適齡,MathAI原創語義分類
G08-A-QUAD-APPROX-01-P1,G08-A-QUAD-APPROX-01,A-8-7 / N-8-2,一元二次方程式,近似解,計算機近似根,標準程序,對非整根解做適當近似與情境解釋；第二層：依標準算法完成展開、化簡、解式、作圖、統計或數列計算,標準計算/解法,程序、符號、係數或運算順序錯誤,2,G8國中適齡,MathAI原創語義分類
G08-A-QUAD-APPROX-01-V1,G08-A-QUAD-APPROX-01,A-8-7 / N-8-2,一元二次方程式,近似解,計算機近似根,多表徵轉換,對非整根解做適當近似與情境解釋；第二層：在文字、代數式、坐標、函數圖、統計圖與幾何圖間轉換,圖↔式、表↔式、文字↔式,轉換後未保留原數學關係,3,G8國中適齡,MathAI原創語義分類
G08-A-QUAD-APPROX-01-R1,G08-A-QUAD-APPROX-01,A-8-7 / N-8-2,一元二次方程式,近似解,計算機近似根,逆向與驗證,對非整根解做適當近似與情境解釋；第二層：由結果反推條件、乘回驗證、代回驗根或檢查幾何依據,反推、驗算、找錯,只會正向套步驟，無法驗證,3,G8國中適齡,MathAI原創語義分類
G08-A-QUAD-APPROX-01-A1,G08-A-QUAD-APPROX-01,A-8-7 / N-8-2,一元二次方程式,近似解,計算機近似根,情境建模,對非整根解做適當近似與情境解釋；第二層：由情境設定變數、建立模型、選擇方法並解釋答案,應用/建模題,漏條件、選錯模型或未篩選合理解,4,G8國中適齡,MathAI原創語義分類
G08-A-QUAD-APPROX-01-T1,G08-A-QUAD-APPROX-01,A-8-7 / N-8-2,一元二次方程式,近似解,計算機近似根,條件變形,對非整根解做適當近似與情境解釋；第二層：加入根式、分式係數、多步驟、跨表徵或干擾資訊,進階變形題,局部技巧會但整體等價或條件失控,4,G8國中適齡,MathAI原創語義分類
G08-A-QUAD-APPROX-01-X1,G08-A-QUAD-APPROX-01,A-8-7 / N-8-2,一元二次方程式,近似解,計算機近似根,跨主題整合,對非整根解做適當近似與情境解釋；第二層：整合多項式、根式、方程式、函數、數列或幾何做非例行推理,跨單元/會考型,無法辨識多個技能的串接順序,5,G8國中適齡,MathAI原創語義分類
G08-D-RELATIVE-01-C1,G08-D-RELATIVE-01,D-8-1,統計,次數分配,相對次數,概念辨識,由次數與總數計算比例/百分率；第二層：辨認定義、條件、符號、式型或幾何性質,定義/式型/性質判斷,概念邊界、符號或條件混淆,1,G8國中適齡,MathAI原創語義分類
G08-D-RELATIVE-01-P1,G08-D-RELATIVE-01,D-8-1,統計,次數分配,相對次數,標準程序,由次數與總數計算比例/百分率；第二層：依標準算法完成展開、化簡、解式、作圖、統計或數列計算,標準計算/解法,程序、符號、係數或運算順序錯誤,2,G8國中適齡,MathAI原創語義分類
G08-D-RELATIVE-01-V1,G08-D-RELATIVE-01,D-8-1,統計,次數分配,相對次數,多表徵轉換,由次數與總數計算比例/百分率；第二層：在文字、代數式、坐標、函數圖、統計圖與幾何圖間轉換,圖↔式、表↔式、文字↔式,轉換後未保留原數學關係,3,G8國中適齡,MathAI原創語義分類
G08-D-RELATIVE-01-R1,G08-D-RELATIVE-01,D-8-1,統計,次數分配,相對次數,逆向與驗證,由次數與總數計算比例/百分率；第二層：由結果反推條件、乘回驗證、代回驗根或檢查幾何依據,反推、驗算、找錯,只會正向套步驟，無法驗證,3,G8國中適齡,MathAI原創語義分類
G08-D-RELATIVE-01-A1,G08-D-RELATIVE-01,D-8-1,統計,次數分配,相對次數,情境建模,由次數與總數計算比例/百分率；第二層：由情境設定變數、建立模型、選擇方法並解釋答案,應用/建模題,漏條件、選錯模型或未篩選合理解,4,G8國中適齡,MathAI原創語義分類
G08-D-RELATIVE-01-T1,G08-D-RELATIVE-01,D-8-1,統計,次數分配,相對次數,條件變形,由次數與總數計算比例/百分率；第二層：加入根式、分式係數、多步驟、跨表徵或干擾資訊,進階變形題,局部技巧會但整體等價或條件失控,4,G8國中適齡,MathAI原創語義分類
G08-D-CUMFREQ-01-C1,G08-D-CUMFREQ-01,D-8-1,統計,次數分配,累積次數,概念辨識,依組別依序累加次數；第二層：辨認定義、條件、符號、式型或幾何性質,定義/式型/性質判斷,概念邊界、符號或條件混淆,1,G8國中適齡,MathAI原創語義分類
G08-D-CUMFREQ-01-P1,G08-D-CUMFREQ-01,D-8-1,統計,次數分配,累積次數,標準程序,依組別依序累加次數；第二層：依標準算法完成展開、化簡、解式、作圖、統計或數列計算,標準計算/解法,程序、符號、係數或運算順序錯誤,2,G8國中適齡,MathAI原創語義分類
G08-D-CUMFREQ-01-V1,G08-D-CUMFREQ-01,D-8-1,統計,次數分配,累積次數,多表徵轉換,依組別依序累加次數；第二層：在文字、代數式、坐標、函數圖、統計圖與幾何圖間轉換,圖↔式、表↔式、文字↔式,轉換後未保留原數學關係,3,G8國中適齡,MathAI原創語義分類
G08-D-CUMFREQ-01-R1,G08-D-CUMFREQ-01,D-8-1,統計,次數分配,累積次數,逆向與驗證,依組別依序累加次數；第二層：由結果反推條件、乘回驗證、代回驗根或檢查幾何依據,反推、驗算、找錯,只會正向套步驟，無法驗證,3,G8國中適齡,MathAI原創語義分類
G08-D-CUMFREQ-01-A1,G08-D-CUMFREQ-01,D-8-1,統計,次數分配,累積次數,情境建模,依組別依序累加次數；第二層：由情境設定變數、建立模型、選擇方法並解釋答案,應用/建模題,漏條件、選錯模型或未篩選合理解,4,G8國中適齡,MathAI原創語義分類
G08-D-CUMFREQ-01-T1,G08-D-CUMFREQ-01,D-8-1,統計,次數分配,累積次數,條件變形,依組別依序累加次數；第二層：加入根式、分式係數、多步驟、跨表徵或干擾資訊,進階變形題,局部技巧會但整體等價或條件失控,4,G8國中適齡,MathAI原創語義分類
G08-D-CUMREL-01-C1,G08-D-CUMREL-01,D-8-1,統計,次數分配,累積相對次數,概念辨識,由累積次數轉成比例並解讀；第二層：辨認定義、條件、符號、式型或幾何性質,定義/式型/性質判斷,概念邊界、符號或條件混淆,1,G8國中適齡,MathAI原創語義分類
G08-D-CUMREL-01-P1,G08-D-CUMREL-01,D-8-1,統計,次數分配,累積相對次數,標準程序,由累積次數轉成比例並解讀；第二層：依標準算法完成展開、化簡、解式、作圖、統計或數列計算,標準計算/解法,程序、符號、係數或運算順序錯誤,2,G8國中適齡,MathAI原創語義分類
G08-D-CUMREL-01-V1,G08-D-CUMREL-01,D-8-1,統計,次數分配,累積相對次數,多表徵轉換,由累積次數轉成比例並解讀；第二層：在文字、代數式、坐標、函數圖、統計圖與幾何圖間轉換,圖↔式、表↔式、文字↔式,轉換後未保留原數學關係,3,G8國中適齡,MathAI原創語義分類
G08-D-CUMREL-01-R1,G08-D-CUMREL-01,D-8-1,統計,次數分配,累積相對次數,逆向與驗證,由累積次數轉成比例並解讀；第二層：由結果反推條件、乘回驗證、代回驗根或檢查幾何依據,反推、驗算、找錯,只會正向套步驟，無法驗證,3,G8國中適齡,MathAI原創語義分類
G08-D-CUMREL-01-A1,G08-D-CUMREL-01,D-8-1,統計,次數分配,累積相對次數,情境建模,由累積次數轉成比例並解讀；第二層：由情境設定變數、建立模型、選擇方法並解釋答案,應用/建模題,漏條件、選錯模型或未篩選合理解,4,G8國中適齡,MathAI原創語義分類
G08-D-CUMREL-01-T1,G08-D-CUMREL-01,D-8-1,統計,次數分配,累積相對次數,條件變形,由累積次數轉成比例並解讀；第二層：加入根式、分式係數、多步驟、跨表徵或干擾資訊,進階變形題,局部技巧會但整體等價或條件失控,4,G8國中適齡,MathAI原創語義分類
G08-D-CUMREL-01-X1,G08-D-CUMREL-01,D-8-1,統計,次數分配,累積相對次數,跨主題整合,由累積次數轉成比例並解讀；第二層：整合多項式、根式、方程式、函數、數列或幾何做非例行推理,跨單元/會考型,無法辨識多個技能的串接順序,5,G8國中適齡,MathAI原創語義分類
G08-D-OGIVE-01-C1,G08-D-OGIVE-01,D-8-1,統計,統計圖,累積相對次數折線圖,概念辨識,由表製圖或由圖讀取累積比例；第二層：辨認定義、條件、符號、式型或幾何性質,定義/式型/性質判斷,概念邊界、符號或條件混淆,1,G8國中適齡,MathAI原創語義分類
G08-D-OGIVE-01-P1,G08-D-OGIVE-01,D-8-1,統計,統計圖,累積相對次數折線圖,標準程序,由表製圖或由圖讀取累積比例；第二層：依標準算法完成展開、化簡、解式、作圖、統計或數列計算,標準計算/解法,程序、符號、係數或運算順序錯誤,2,G8國中適齡,MathAI原創語義分類
G08-D-OGIVE-01-V1,G08-D-OGIVE-01,D-8-1,統計,統計圖,累積相對次數折線圖,多表徵轉換,由表製圖或由圖讀取累積比例；第二層：在文字、代數式、坐標、函數圖、統計圖與幾何圖間轉換,圖↔式、表↔式、文字↔式,轉換後未保留原數學關係,3,G8國中適齡,MathAI原創語義分類
G08-D-OGIVE-01-R1,G08-D-OGIVE-01,D-8-1,統計,統計圖,累積相對次數折線圖,逆向與驗證,由表製圖或由圖讀取累積比例；第二層：由結果反推條件、乘回驗證、代回驗根或檢查幾何依據,反推、驗算、找錯,只會正向套步驟，無法驗證,3,G8國中適齡,MathAI原創語義分類
G08-D-OGIVE-01-A1,G08-D-OGIVE-01,D-8-1,統計,統計圖,累積相對次數折線圖,情境建模,由表製圖或由圖讀取累積比例；第二層：由情境設定變數、建立模型、選擇方法並解釋答案,應用/建模題,漏條件、選錯模型或未篩選合理解,4,G8國中適齡,MathAI原創語義分類
G08-D-OGIVE-01-T1,G08-D-OGIVE-01,D-8-1,統計,統計圖,累積相對次數折線圖,條件變形,由表製圖或由圖讀取累積比例；第二層：加入根式、分式係數、多步驟、跨表徵或干擾資訊,進階變形題,局部技巧會但整體等價或條件失控,4,G8國中適齡,MathAI原創語義分類
G08-D-OGIVE-01-X1,G08-D-OGIVE-01,D-8-1,統計,統計圖,累積相對次數折線圖,跨主題整合,由表製圖或由圖讀取累積比例；第二層：整合多項式、根式、方程式、函數、數列或幾何做非例行推理,跨單元/會考型,無法辨識多個技能的串接順序,5,G8國中適齡,MathAI原創語義分類
G08-D-DIST-APP-01-C1,G08-D-DIST-APP-01,D-8-1,統計,資料解讀,分布比較,概念辨識,比較不同群體分布與門檻以上/以下比例；第二層：辨認定義、條件、符號、式型或幾何性質,定義/式型/性質判斷,概念邊界、符號或條件混淆,1,G8國中適齡,MathAI原創語義分類
G08-D-DIST-APP-01-P1,G08-D-DIST-APP-01,D-8-1,統計,資料解讀,分布比較,標準程序,比較不同群體分布與門檻以上/以下比例；第二層：依標準算法完成展開、化簡、解式、作圖、統計或數列計算,標準計算/解法,程序、符號、係數或運算順序錯誤,2,G8國中適齡,MathAI原創語義分類
G08-D-DIST-APP-01-V1,G08-D-DIST-APP-01,D-8-1,統計,資料解讀,分布比較,多表徵轉換,比較不同群體分布與門檻以上/以下比例；第二層：在文字、代數式、坐標、函數圖、統計圖與幾何圖間轉換,圖↔式、表↔式、文字↔式,轉換後未保留原數學關係,3,G8國中適齡,MathAI原創語義分類
G08-D-DIST-APP-01-R1,G08-D-DIST-APP-01,D-8-1,統計,資料解讀,分布比較,逆向與驗證,比較不同群體分布與門檻以上/以下比例；第二層：由結果反推條件、乘回驗證、代回驗根或檢查幾何依據,反推、驗算、找錯,只會正向套步驟，無法驗證,3,G8國中適齡,MathAI原創語義分類
G08-D-DIST-APP-01-A1,G08-D-DIST-APP-01,D-8-1,統計,資料解讀,分布比較,情境建模,比較不同群體分布與門檻以上/以下比例；第二層：由情境設定變數、建立模型、選擇方法並解釋答案,應用/建模題,漏條件、選錯模型或未篩選合理解,4,G8國中適齡,MathAI原創語義分類
G08-D-DIST-APP-01-T1,G08-D-DIST-APP-01,D-8-1,統計,資料解讀,分布比較,條件變形,比較不同群體分布與門檻以上/以下比例；第二層：加入根式、分式係數、多步驟、跨表徵或干擾資訊,進階變形題,局部技巧會但整體等價或條件失控,4,G8國中適齡,MathAI原創語義分類
G08-D-DIST-APP-01-X1,G08-D-DIST-APP-01,D-8-1,統計,資料解讀,分布比較,跨主題整合,比較不同群體分布與門檻以上/以下比例；第二層：整合多項式、根式、方程式、函數、數列或幾何做非例行推理,跨單元/會考型,無法辨識多個技能的串接順序,5,G8國中適齡,MathAI原創語義分類
G08-N-SEQ-MEAN-01-C1,G08-N-SEQ-MEAN-01,N-8-3,數列與級數,數列,數列與項,概念辨識,理解有序數列、項數與規律描述；第二層：辨認定義、條件、符號、式型或幾何性質,定義/式型/性質判斷,概念邊界、符號或條件混淆,1,G8國中適齡,MathAI原創語義分類
G08-N-SEQ-MEAN-01-P1,G08-N-SEQ-MEAN-01,N-8-3,數列與級數,數列,數列與項,標準程序,理解有序數列、項數與規律描述；第二層：依標準算法完成展開、化簡、解式、作圖、統計或數列計算,標準計算/解法,程序、符號、係數或運算順序錯誤,2,G8國中適齡,MathAI原創語義分類
G08-N-SEQ-MEAN-01-V1,G08-N-SEQ-MEAN-01,N-8-3,數列與級數,數列,數列與項,多表徵轉換,理解有序數列、項數與規律描述；第二層：在文字、代數式、坐標、函數圖、統計圖與幾何圖間轉換,圖↔式、表↔式、文字↔式,轉換後未保留原數學關係,3,G8國中適齡,MathAI原創語義分類
G08-N-SEQ-MEAN-01-R1,G08-N-SEQ-MEAN-01,N-8-3,數列與級數,數列,數列與項,逆向與驗證,理解有序數列、項數與規律描述；第二層：由結果反推條件、乘回驗證、代回驗根或檢查幾何依據,反推、驗算、找錯,只會正向套步驟，無法驗證,3,G8國中適齡,MathAI原創語義分類
G08-N-SEQ-MEAN-01-A1,G08-N-SEQ-MEAN-01,N-8-3,數列與級數,數列,數列與項,情境建模,理解有序數列、項數與規律描述；第二層：由情境設定變數、建立模型、選擇方法並解釋答案,應用/建模題,漏條件、選錯模型或未篩選合理解,4,G8國中適齡,MathAI原創語義分類
G08-N-SEQ-PATTERN-01-C1,G08-N-SEQ-PATTERN-01,N-8-3,數列與級數,數列,一般規律數列,概念辨識,從數/圖形規律找後續項；第二層：辨認定義、條件、符號、式型或幾何性質,定義/式型/性質判斷,概念邊界、符號或條件混淆,1,G8國中適齡,MathAI原創語義分類
G08-N-SEQ-PATTERN-01-P1,G08-N-SEQ-PATTERN-01,N-8-3,數列與級數,數列,一般規律數列,標準程序,從數/圖形規律找後續項；第二層：依標準算法完成展開、化簡、解式、作圖、統計或數列計算,標準計算/解法,程序、符號、係數或運算順序錯誤,2,G8國中適齡,MathAI原創語義分類
G08-N-SEQ-PATTERN-01-V1,G08-N-SEQ-PATTERN-01,N-8-3,數列與級數,數列,一般規律數列,多表徵轉換,從數/圖形規律找後續項；第二層：在文字、代數式、坐標、函數圖、統計圖與幾何圖間轉換,圖↔式、表↔式、文字↔式,轉換後未保留原數學關係,3,G8國中適齡,MathAI原創語義分類
G08-N-SEQ-PATTERN-01-R1,G08-N-SEQ-PATTERN-01,N-8-3,數列與級數,數列,一般規律數列,逆向與驗證,從數/圖形規律找後續項；第二層：由結果反推條件、乘回驗證、代回驗根或檢查幾何依據,反推、驗算、找錯,只會正向套步驟，無法驗證,3,G8國中適齡,MathAI原創語義分類
G08-N-SEQ-PATTERN-01-A1,G08-N-SEQ-PATTERN-01,N-8-3,數列與級數,數列,一般規律數列,情境建模,從數/圖形規律找後續項；第二層：由情境設定變數、建立模型、選擇方法並解釋答案,應用/建模題,漏條件、選錯模型或未篩選合理解,4,G8國中適齡,MathAI原創語義分類
G08-N-SEQ-PATTERN-01-T1,G08-N-SEQ-PATTERN-01,N-8-3,數列與級數,數列,一般規律數列,條件變形,從數/圖形規律找後續項；第二層：加入根式、分式係數、多步驟、跨表徵或干擾資訊,進階變形題,局部技巧會但整體等價或條件失控,4,G8國中適齡,MathAI原創語義分類
G08-N-ARITH-MEAN-01-C1,G08-N-ARITH-MEAN-01,N-8-4,數列與級數,等差數列,首項公差,概念辨識,辨認等差數列並求公差；第二層：辨認定義、條件、符號、式型或幾何性質,定義/式型/性質判斷,概念邊界、符號或條件混淆,1,G8國中適齡,MathAI原創語義分類
G08-N-ARITH-MEAN-01-P1,G08-N-ARITH-MEAN-01,N-8-4,數列與級數,等差數列,首項公差,標準程序,辨認等差數列並求公差；第二層：依標準算法完成展開、化簡、解式、作圖、統計或數列計算,標準計算/解法,程序、符號、係數或運算順序錯誤,2,G8國中適齡,MathAI原創語義分類
G08-N-ARITH-MEAN-01-V1,G08-N-ARITH-MEAN-01,N-8-4,數列與級數,等差數列,首項公差,多表徵轉換,辨認等差數列並求公差；第二層：在文字、代數式、坐標、函數圖、統計圖與幾何圖間轉換,圖↔式、表↔式、文字↔式,轉換後未保留原數學關係,3,G8國中適齡,MathAI原創語義分類
G08-N-ARITH-MEAN-01-R1,G08-N-ARITH-MEAN-01,N-8-4,數列與級數,等差數列,首項公差,逆向與驗證,辨認等差數列並求公差；第二層：由結果反推條件、乘回驗證、代回驗根或檢查幾何依據,反推、驗算、找錯,只會正向套步驟，無法驗證,3,G8國中適齡,MathAI原創語義分類
G08-N-ARITH-MEAN-01-A1,G08-N-ARITH-MEAN-01,N-8-4,數列與級數,等差數列,首項公差,情境建模,辨認等差數列並求公差；第二層：由情境設定變數、建立模型、選擇方法並解釋答案,應用/建模題,漏條件、選錯模型或未篩選合理解,4,G8國中適齡,MathAI原創語義分類
G08-N-ARITH-TERM-01-C1,G08-N-ARITH-TERM-01,N-8-4,數列與級數,等差數列,等差數列一般項,概念辨識,使用a_n=a_1+(n-1)d求指定項；第二層：辨認定義、條件、符號、式型或幾何性質,定義/式型/性質判斷,概念邊界、符號或條件混淆,1,G8國中適齡,MathAI原創語義分類
G08-N-ARITH-TERM-01-P1,G08-N-ARITH-TERM-01,N-8-4,數列與級數,等差數列,等差數列一般項,標準程序,使用a_n=a_1+(n-1)d求指定項；第二層：依標準算法完成展開、化簡、解式、作圖、統計或數列計算,標準計算/解法,程序、符號、係數或運算順序錯誤,2,G8國中適齡,MathAI原創語義分類
G08-N-ARITH-TERM-01-V1,G08-N-ARITH-TERM-01,N-8-4,數列與級數,等差數列,等差數列一般項,多表徵轉換,使用a_n=a_1+(n-1)d求指定項；第二層：在文字、代數式、坐標、函數圖、統計圖與幾何圖間轉換,圖↔式、表↔式、文字↔式,轉換後未保留原數學關係,3,G8國中適齡,MathAI原創語義分類
G08-N-ARITH-TERM-01-R1,G08-N-ARITH-TERM-01,N-8-4,數列與級數,等差數列,等差數列一般項,逆向與驗證,使用a_n=a_1+(n-1)d求指定項；第二層：由結果反推條件、乘回驗證、代回驗根或檢查幾何依據,反推、驗算、找錯,只會正向套步驟，無法驗證,3,G8國中適齡,MathAI原創語義分類
G08-N-ARITH-TERM-01-A1,G08-N-ARITH-TERM-01,N-8-4,數列與級數,等差數列,等差數列一般項,情境建模,使用a_n=a_1+(n-1)d求指定項；第二層：由情境設定變數、建立模型、選擇方法並解釋答案,應用/建模題,漏條件、選錯模型或未篩選合理解,4,G8國中適齡,MathAI原創語義分類
G08-N-ARITH-TERM-01-T1,G08-N-ARITH-TERM-01,N-8-4,數列與級數,等差數列,等差數列一般項,條件變形,使用a_n=a_1+(n-1)d求指定項；第二層：加入根式、分式係數、多步驟、跨表徵或干擾資訊,進階變形題,局部技巧會但整體等價或條件失控,4,G8國中適齡,MathAI原創語義分類
G08-N-ARITH-REVERSE-01-C1,G08-N-ARITH-REVERSE-01,N-8-4,數列與級數,等差數列,由相鄰/含首項資料反求,概念辨識,在課綱允許情況由已知項求公差或項數；第二層：辨認定義、條件、符號、式型或幾何性質,定義/式型/性質判斷,概念邊界、符號或條件混淆,1,G8國中適齡,MathAI原創語義分類
G08-N-ARITH-REVERSE-01-P1,G08-N-ARITH-REVERSE-01,N-8-4,數列與級數,等差數列,由相鄰/含首項資料反求,標準程序,在課綱允許情況由已知項求公差或項數；第二層：依標準算法完成展開、化簡、解式、作圖、統計或數列計算,標準計算/解法,程序、符號、係數或運算順序錯誤,2,G8國中適齡,MathAI原創語義分類
G08-N-ARITH-REVERSE-01-V1,G08-N-ARITH-REVERSE-01,N-8-4,數列與級數,等差數列,由相鄰/含首項資料反求,多表徵轉換,在課綱允許情況由已知項求公差或項數；第二層：在文字、代數式、坐標、函數圖、統計圖與幾何圖間轉換,圖↔式、表↔式、文字↔式,轉換後未保留原數學關係,3,G8國中適齡,MathAI原創語義分類
G08-N-ARITH-REVERSE-01-R1,G08-N-ARITH-REVERSE-01,N-8-4,數列與級數,等差數列,由相鄰/含首項資料反求,逆向與驗證,在課綱允許情況由已知項求公差或項數；第二層：由結果反推條件、乘回驗證、代回驗根或檢查幾何依據,反推、驗算、找錯,只會正向套步驟，無法驗證,3,G8國中適齡,MathAI原創語義分類
G08-N-ARITH-REVERSE-01-A1,G08-N-ARITH-REVERSE-01,N-8-4,數列與級數,等差數列,由相鄰/含首項資料反求,情境建模,在課綱允許情況由已知項求公差或項數；第二層：由情境設定變數、建立模型、選擇方法並解釋答案,應用/建模題,漏條件、選錯模型或未篩選合理解,4,G8國中適齡,MathAI原創語義分類
G08-N-ARITH-REVERSE-01-T1,G08-N-ARITH-REVERSE-01,N-8-4,數列與級數,等差數列,由相鄰/含首項資料反求,條件變形,在課綱允許情況由已知項求公差或項數；第二層：加入根式、分式係數、多步驟、跨表徵或干擾資訊,進階變形題,局部技巧會但整體等價或條件失控,4,G8國中適齡,MathAI原創語義分類
G08-N-ARITH-REVERSE-01-X1,G08-N-ARITH-REVERSE-01,N-8-4,數列與級數,等差數列,由相鄰/含首項資料反求,跨主題整合,在課綱允許情況由已知項求公差或項數；第二層：整合多項式、根式、方程式、函數、數列或幾何做非例行推理,跨單元/會考型,無法辨識多個技能的串接順序,5,G8國中適齡,MathAI原創語義分類
G08-N-ARITH-MID-01-C1,G08-N-ARITH-MID-01,N-8-4,數列與級數,等差數列,等差中項,概念辨識,理解三數成等差時中項與兩端平均關係；第二層：辨認定義、條件、符號、式型或幾何性質,定義/式型/性質判斷,概念邊界、符號或條件混淆,1,G8國中適齡,MathAI原創語義分類
G08-N-ARITH-MID-01-P1,G08-N-ARITH-MID-01,N-8-4,數列與級數,等差數列,等差中項,標準程序,理解三數成等差時中項與兩端平均關係；第二層：依標準算法完成展開、化簡、解式、作圖、統計或數列計算,標準計算/解法,程序、符號、係數或運算順序錯誤,2,G8國中適齡,MathAI原創語義分類
G08-N-ARITH-MID-01-V1,G08-N-ARITH-MID-01,N-8-4,數列與級數,等差數列,等差中項,多表徵轉換,理解三數成等差時中項與兩端平均關係；第二層：在文字、代數式、坐標、函數圖、統計圖與幾何圖間轉換,圖↔式、表↔式、文字↔式,轉換後未保留原數學關係,3,G8國中適齡,MathAI原創語義分類
G08-N-ARITH-MID-01-R1,G08-N-ARITH-MID-01,N-8-4,數列與級數,等差數列,等差中項,逆向與驗證,理解三數成等差時中項與兩端平均關係；第二層：由結果反推條件、乘回驗證、代回驗根或檢查幾何依據,反推、驗算、找錯,只會正向套步驟，無法驗證,3,G8國中適齡,MathAI原創語義分類
G08-N-ARITH-MID-01-A1,G08-N-ARITH-MID-01,N-8-4,數列與級數,等差數列,等差中項,情境建模,理解三數成等差時中項與兩端平均關係；第二層：由情境設定變數、建立模型、選擇方法並解釋答案,應用/建模題,漏條件、選錯模型或未篩選合理解,4,G8國中適齡,MathAI原創語義分類
G08-N-ARITH-MID-01-T1,G08-N-ARITH-MID-01,N-8-4,數列與級數,等差數列,等差中項,條件變形,理解三數成等差時中項與兩端平均關係；第二層：加入根式、分式係數、多步驟、跨表徵或干擾資訊,進階變形題,局部技巧會但整體等價或條件失控,4,G8國中適齡,MathAI原創語義分類
G08-N-ARITH-SUM-01-C1,G08-N-ARITH-SUM-01,N-8-5,數列與級數,等差級數,前n項和,概念辨識,使用首末項或首項公差公式求和；第二層：辨認定義、條件、符號、式型或幾何性質,定義/式型/性質判斷,概念邊界、符號或條件混淆,1,G8國中適齡,MathAI原創語義分類
G08-N-ARITH-SUM-01-P1,G08-N-ARITH-SUM-01,N-8-5,數列與級數,等差級數,前n項和,標準程序,使用首末項或首項公差公式求和；第二層：依標準算法完成展開、化簡、解式、作圖、統計或數列計算,標準計算/解法,程序、符號、係數或運算順序錯誤,2,G8國中適齡,MathAI原創語義分類
G08-N-ARITH-SUM-01-V1,G08-N-ARITH-SUM-01,N-8-5,數列與級數,等差級數,前n項和,多表徵轉換,使用首末項或首項公差公式求和；第二層：在文字、代數式、坐標、函數圖、統計圖與幾何圖間轉換,圖↔式、表↔式、文字↔式,轉換後未保留原數學關係,3,G8國中適齡,MathAI原創語義分類
G08-N-ARITH-SUM-01-R1,G08-N-ARITH-SUM-01,N-8-5,數列與級數,等差級數,前n項和,逆向與驗證,使用首末項或首項公差公式求和；第二層：由結果反推條件、乘回驗證、代回驗根或檢查幾何依據,反推、驗算、找錯,只會正向套步驟，無法驗證,3,G8國中適齡,MathAI原創語義分類
G08-N-ARITH-SUM-01-A1,G08-N-ARITH-SUM-01,N-8-5,數列與級數,等差級數,前n項和,情境建模,使用首末項或首項公差公式求和；第二層：由情境設定變數、建立模型、選擇方法並解釋答案,應用/建模題,漏條件、選錯模型或未篩選合理解,4,G8國中適齡,MathAI原創語義分類
G08-N-ARITH-SUM-01-T1,G08-N-ARITH-SUM-01,N-8-5,數列與級數,等差級數,前n項和,條件變形,使用首末項或首項公差公式求和；第二層：加入根式、分式係數、多步驟、跨表徵或干擾資訊,進階變形題,局部技巧會但整體等價或條件失控,4,G8國中適齡,MathAI原創語義分類
G08-N-ARITH-SUM-01-X1,G08-N-ARITH-SUM-01,N-8-5,數列與級數,等差級數,前n項和,跨主題整合,使用首末項或首項公差公式求和；第二層：整合多項式、根式、方程式、函數、數列或幾何做非例行推理,跨單元/會考型,無法辨識多個技能的串接順序,5,G8國中適齡,MathAI原創語義分類
G08-N-ARITH-SUMAPP-01-C1,G08-N-ARITH-SUMAPP-01,N-8-5,數列與級數,等差級數,生活與圖形應用,概念辨識,由座位、堆疊、階梯等建等差級數；第二層：辨認定義、條件、符號、式型或幾何性質,定義/式型/性質判斷,概念邊界、符號或條件混淆,1,G8國中適齡,MathAI原創語義分類
G08-N-ARITH-SUMAPP-01-P1,G08-N-ARITH-SUMAPP-01,N-8-5,數列與級數,等差級數,生活與圖形應用,標準程序,由座位、堆疊、階梯等建等差級數；第二層：依標準算法完成展開、化簡、解式、作圖、統計或數列計算,標準計算/解法,程序、符號、係數或運算順序錯誤,2,G8國中適齡,MathAI原創語義分類
G08-N-ARITH-SUMAPP-01-V1,G08-N-ARITH-SUMAPP-01,N-8-5,數列與級數,等差級數,生活與圖形應用,多表徵轉換,由座位、堆疊、階梯等建等差級數；第二層：在文字、代數式、坐標、函數圖、統計圖與幾何圖間轉換,圖↔式、表↔式、文字↔式,轉換後未保留原數學關係,3,G8國中適齡,MathAI原創語義分類
G08-N-ARITH-SUMAPP-01-R1,G08-N-ARITH-SUMAPP-01,N-8-5,數列與級數,等差級數,生活與圖形應用,逆向與驗證,由座位、堆疊、階梯等建等差級數；第二層：由結果反推條件、乘回驗證、代回驗根或檢查幾何依據,反推、驗算、找錯,只會正向套步驟，無法驗證,3,G8國中適齡,MathAI原創語義分類
G08-N-ARITH-SUMAPP-01-A1,G08-N-ARITH-SUMAPP-01,N-8-5,數列與級數,等差級數,生活與圖形應用,情境建模,由座位、堆疊、階梯等建等差級數；第二層：由情境設定變數、建立模型、選擇方法並解釋答案,應用/建模題,漏條件、選錯模型或未篩選合理解,4,G8國中適齡,MathAI原創語義分類
G08-N-ARITH-SUMAPP-01-T1,G08-N-ARITH-SUMAPP-01,N-8-5,數列與級數,等差級數,生活與圖形應用,條件變形,由座位、堆疊、階梯等建等差級數；第二層：加入根式、分式係數、多步驟、跨表徵或干擾資訊,進階變形題,局部技巧會但整體等價或條件失控,4,G8國中適齡,MathAI原創語義分類
G08-N-ARITH-SUMAPP-01-X1,G08-N-ARITH-SUMAPP-01,N-8-5,數列與級數,等差級數,生活與圖形應用,跨主題整合,由座位、堆疊、階梯等建等差級數；第二層：整合多項式、根式、方程式、函數、數列或幾何做非例行推理,跨單元/會考型,無法辨識多個技能的串接順序,5,G8國中適齡,MathAI原創語義分類
G08-N-GEO-MEAN-01-C1,G08-N-GEO-MEAN-01,N-8-6,數列與級數,等比數列,首項公比,概念辨識,辨認等比數列並求公比；第二層：辨認定義、條件、符號、式型或幾何性質,定義/式型/性質判斷,概念邊界、符號或條件混淆,1,G8國中適齡,MathAI原創語義分類
G08-N-GEO-MEAN-01-P1,G08-N-GEO-MEAN-01,N-8-6,數列與級數,等比數列,首項公比,標準程序,辨認等比數列並求公比；第二層：依標準算法完成展開、化簡、解式、作圖、統計或數列計算,標準計算/解法,程序、符號、係數或運算順序錯誤,2,G8國中適齡,MathAI原創語義分類
G08-N-GEO-MEAN-01-V1,G08-N-GEO-MEAN-01,N-8-6,數列與級數,等比數列,首項公比,多表徵轉換,辨認等比數列並求公比；第二層：在文字、代數式、坐標、函數圖、統計圖與幾何圖間轉換,圖↔式、表↔式、文字↔式,轉換後未保留原數學關係,3,G8國中適齡,MathAI原創語義分類
G08-N-GEO-MEAN-01-R1,G08-N-GEO-MEAN-01,N-8-6,數列與級數,等比數列,首項公比,逆向與驗證,辨認等比數列並求公比；第二層：由結果反推條件、乘回驗證、代回驗根或檢查幾何依據,反推、驗算、找錯,只會正向套步驟，無法驗證,3,G8國中適齡,MathAI原創語義分類
G08-N-GEO-MEAN-01-A1,G08-N-GEO-MEAN-01,N-8-6,數列與級數,等比數列,首項公比,情境建模,辨認等比數列並求公比；第二層：由情境設定變數、建立模型、選擇方法並解釋答案,應用/建模題,漏條件、選錯模型或未篩選合理解,4,G8國中適齡,MathAI原創語義分類
G08-N-GEO-MEAN-01-T1,G08-N-GEO-MEAN-01,N-8-6,數列與級數,等比數列,首項公比,條件變形,辨認等比數列並求公比；第二層：加入根式、分式係數、多步驟、跨表徵或干擾資訊,進階變形題,局部技巧會但整體等價或條件失控,4,G8國中適齡,MathAI原創語義分類
G08-N-GEO-TERM-01-C1,G08-N-GEO-TERM-01,N-8-6,數列與級數,等比數列,等比數列一般項,概念辨識,使用a_n=a_1 r^(n-1)求指定項；第二層：辨認定義、條件、符號、式型或幾何性質,定義/式型/性質判斷,概念邊界、符號或條件混淆,1,G8國中適齡,MathAI原創語義分類
G08-N-GEO-TERM-01-P1,G08-N-GEO-TERM-01,N-8-6,數列與級數,等比數列,等比數列一般項,標準程序,使用a_n=a_1 r^(n-1)求指定項；第二層：依標準算法完成展開、化簡、解式、作圖、統計或數列計算,標準計算/解法,程序、符號、係數或運算順序錯誤,2,G8國中適齡,MathAI原創語義分類
G08-N-GEO-TERM-01-V1,G08-N-GEO-TERM-01,N-8-6,數列與級數,等比數列,等比數列一般項,多表徵轉換,使用a_n=a_1 r^(n-1)求指定項；第二層：在文字、代數式、坐標、函數圖、統計圖與幾何圖間轉換,圖↔式、表↔式、文字↔式,轉換後未保留原數學關係,3,G8國中適齡,MathAI原創語義分類
G08-N-GEO-TERM-01-R1,G08-N-GEO-TERM-01,N-8-6,數列與級數,等比數列,等比數列一般項,逆向與驗證,使用a_n=a_1 r^(n-1)求指定項；第二層：由結果反推條件、乘回驗證、代回驗根或檢查幾何依據,反推、驗算、找錯,只會正向套步驟，無法驗證,3,G8國中適齡,MathAI原創語義分類
G08-N-GEO-TERM-01-A1,G08-N-GEO-TERM-01,N-8-6,數列與級數,等比數列,等比數列一般項,情境建模,使用a_n=a_1 r^(n-1)求指定項；第二層：由情境設定變數、建立模型、選擇方法並解釋答案,應用/建模題,漏條件、選錯模型或未篩選合理解,4,G8國中適齡,MathAI原創語義分類
G08-N-GEO-TERM-01-T1,G08-N-GEO-TERM-01,N-8-6,數列與級數,等比數列,等比數列一般項,條件變形,使用a_n=a_1 r^(n-1)求指定項；第二層：加入根式、分式係數、多步驟、跨表徵或干擾資訊,進階變形題,局部技巧會但整體等價或條件失控,4,G8國中適齡,MathAI原創語義分類
G08-N-GEO-TERM-01-X1,G08-N-GEO-TERM-01,N-8-6,數列與級數,等比數列,等比數列一般項,跨主題整合,使用a_n=a_1 r^(n-1)求指定項；第二層：整合多項式、根式、方程式、函數、數列或幾何做非例行推理,跨單元/會考型,無法辨識多個技能的串接順序,5,G8國中適齡,MathAI原創語義分類
G08-N-GEO-MID-01-C1,G08-N-GEO-MID-01,N-8-6,數列與級數,等比數列,等比中項,概念辨識,在適切正數/實數情境理解中項關係；第二層：辨認定義、條件、符號、式型或幾何性質,定義/式型/性質判斷,概念邊界、符號或條件混淆,1,G8國中適齡,MathAI原創語義分類
G08-N-GEO-MID-01-P1,G08-N-GEO-MID-01,N-8-6,數列與級數,等比數列,等比中項,標準程序,在適切正數/實數情境理解中項關係；第二層：依標準算法完成展開、化簡、解式、作圖、統計或數列計算,標準計算/解法,程序、符號、係數或運算順序錯誤,2,G8國中適齡,MathAI原創語義分類
G08-N-GEO-MID-01-V1,G08-N-GEO-MID-01,N-8-6,數列與級數,等比數列,等比中項,多表徵轉換,在適切正數/實數情境理解中項關係；第二層：在文字、代數式、坐標、函數圖、統計圖與幾何圖間轉換,圖↔式、表↔式、文字↔式,轉換後未保留原數學關係,3,G8國中適齡,MathAI原創語義分類
G08-N-GEO-MID-01-R1,G08-N-GEO-MID-01,N-8-6,數列與級數,等比數列,等比中項,逆向與驗證,在適切正數/實數情境理解中項關係；第二層：由結果反推條件、乘回驗證、代回驗根或檢查幾何依據,反推、驗算、找錯,只會正向套步驟，無法驗證,3,G8國中適齡,MathAI原創語義分類
G08-N-GEO-MID-01-A1,G08-N-GEO-MID-01,N-8-6,數列與級數,等比數列,等比中項,情境建模,在適切正數/實數情境理解中項關係；第二層：由情境設定變數、建立模型、選擇方法並解釋答案,應用/建模題,漏條件、選錯模型或未篩選合理解,4,G8國中適齡,MathAI原創語義分類
G08-N-GEO-MID-01-T1,G08-N-GEO-MID-01,N-8-6,數列與級數,等比數列,等比中項,條件變形,在適切正數/實數情境理解中項關係；第二層：加入根式、分式係數、多步驟、跨表徵或干擾資訊,進階變形題,局部技巧會但整體等價或條件失控,4,G8國中適齡,MathAI原創語義分類
G08-N-GEO-MID-01-X1,G08-N-GEO-MID-01,N-8-6,數列與級數,等比數列,等比中項,跨主題整合,在適切正數/實數情境理解中項關係；第二層：整合多項式、根式、方程式、函數、數列或幾何做非例行推理,跨單元/會考型,無法辨識多個技能的串接順序,5,G8國中適齡,MathAI原創語義分類
G08-F-FUNC-MEAN-01-C1,G08-F-FUNC-MEAN-01,F-8-1,一次函數,函數概念,對應關係,概念辨識,用輸入輸出與變量關係理解函數，不使用抽象f(x)；第二層：辨認定義、條件、符號、式型或幾何性質,定義/式型/性質判斷,概念邊界、符號或條件混淆,1,G8國中適齡,MathAI原創語義分類
G08-F-FUNC-MEAN-01-P1,G08-F-FUNC-MEAN-01,F-8-1,一次函數,函數概念,對應關係,標準程序,用輸入輸出與變量關係理解函數，不使用抽象f(x)；第二層：依標準算法完成展開、化簡、解式、作圖、統計或數列計算,標準計算/解法,程序、符號、係數或運算順序錯誤,2,G8國中適齡,MathAI原創語義分類
G08-F-FUNC-MEAN-01-V1,G08-F-FUNC-MEAN-01,F-8-1,一次函數,函數概念,對應關係,多表徵轉換,用輸入輸出與變量關係理解函數，不使用抽象f(x)；第二層：在文字、代數式、坐標、函數圖、統計圖與幾何圖間轉換,圖↔式、表↔式、文字↔式,轉換後未保留原數學關係,3,G8國中適齡,MathAI原創語義分類
G08-F-FUNC-MEAN-01-R1,G08-F-FUNC-MEAN-01,F-8-1,一次函數,函數概念,對應關係,逆向與驗證,用輸入輸出與變量關係理解函數，不使用抽象f(x)；第二層：由結果反推條件、乘回驗證、代回驗根或檢查幾何依據,反推、驗算、找錯,只會正向套步驟，無法驗證,3,G8國中適齡,MathAI原創語義分類
G08-F-FUNC-MEAN-01-A1,G08-F-FUNC-MEAN-01,F-8-1,一次函數,函數概念,對應關係,情境建模,用輸入輸出與變量關係理解函數，不使用抽象f(x)；第二層：由情境設定變數、建立模型、選擇方法並解釋答案,應用/建模題,漏條件、選錯模型或未篩選合理解,4,G8國中適齡,MathAI原創語義分類
G08-F-FUNC-MEAN-01-T1,G08-F-FUNC-MEAN-01,F-8-1,一次函數,函數概念,對應關係,條件變形,用輸入輸出與變量關係理解函數，不使用抽象f(x)；第二層：加入根式、分式係數、多步驟、跨表徵或干擾資訊,進階變形題,局部技巧會但整體等價或條件失控,4,G8國中適齡,MathAI原創語義分類
G08-F-CONST-01-C1,G08-F-CONST-01,F-8-1,一次函數,函數概念,常數函數,概念辨識,理解y=c的輸出不隨x變化；第二層：辨認定義、條件、符號、式型或幾何性質,定義/式型/性質判斷,概念邊界、符號或條件混淆,1,G8國中適齡,MathAI原創語義分類
G08-F-CONST-01-P1,G08-F-CONST-01,F-8-1,一次函數,函數概念,常數函數,標準程序,理解y=c的輸出不隨x變化；第二層：依標準算法完成展開、化簡、解式、作圖、統計或數列計算,標準計算/解法,程序、符號、係數或運算順序錯誤,2,G8國中適齡,MathAI原創語義分類
G08-F-CONST-01-V1,G08-F-CONST-01,F-8-1,一次函數,函數概念,常數函數,多表徵轉換,理解y=c的輸出不隨x變化；第二層：在文字、代數式、坐標、函數圖、統計圖與幾何圖間轉換,圖↔式、表↔式、文字↔式,轉換後未保留原數學關係,3,G8國中適齡,MathAI原創語義分類
G08-F-CONST-01-R1,G08-F-CONST-01,F-8-1,一次函數,函數概念,常數函數,逆向與驗證,理解y=c的輸出不隨x變化；第二層：由結果反推條件、乘回驗證、代回驗根或檢查幾何依據,反推、驗算、找錯,只會正向套步驟，無法驗證,3,G8國中適齡,MathAI原創語義分類
G08-F-CONST-01-A1,G08-F-CONST-01,F-8-1,一次函數,函數概念,常數函數,情境建模,理解y=c的輸出不隨x變化；第二層：由情境設定變數、建立模型、選擇方法並解釋答案,應用/建模題,漏條件、選錯模型或未篩選合理解,4,G8國中適齡,MathAI原創語義分類
G08-F-LINEAR-01-C1,G08-F-LINEAR-01,F-8-1,一次函數,函數概念,一次函數y=ax+b,概念辨識,從表格/式子辨認一次函數；第二層：辨認定義、條件、符號、式型或幾何性質,定義/式型/性質判斷,概念邊界、符號或條件混淆,1,G8國中適齡,MathAI原創語義分類
G08-F-LINEAR-01-P1,G08-F-LINEAR-01,F-8-1,一次函數,函數概念,一次函數y=ax+b,標準程序,從表格/式子辨認一次函數；第二層：依標準算法完成展開、化簡、解式、作圖、統計或數列計算,標準計算/解法,程序、符號、係數或運算順序錯誤,2,G8國中適齡,MathAI原創語義分類
G08-F-LINEAR-01-V1,G08-F-LINEAR-01,F-8-1,一次函數,函數概念,一次函數y=ax+b,多表徵轉換,從表格/式子辨認一次函數；第二層：在文字、代數式、坐標、函數圖、統計圖與幾何圖間轉換,圖↔式、表↔式、文字↔式,轉換後未保留原數學關係,3,G8國中適齡,MathAI原創語義分類
G08-F-LINEAR-01-R1,G08-F-LINEAR-01,F-8-1,一次函數,函數概念,一次函數y=ax+b,逆向與驗證,從表格/式子辨認一次函數；第二層：由結果反推條件、乘回驗證、代回驗根或檢查幾何依據,反推、驗算、找錯,只會正向套步驟，無法驗證,3,G8國中適齡,MathAI原創語義分類
G08-F-LINEAR-01-A1,G08-F-LINEAR-01,F-8-1,一次函數,函數概念,一次函數y=ax+b,情境建模,從表格/式子辨認一次函數；第二層：由情境設定變數、建立模型、選擇方法並解釋答案,應用/建模題,漏條件、選錯模型或未篩選合理解,4,G8國中適齡,MathAI原創語義分類
G08-F-LINEAR-01-T1,G08-F-LINEAR-01,F-8-1,一次函數,函數概念,一次函數y=ax+b,條件變形,從表格/式子辨認一次函數；第二層：加入根式、分式係數、多步驟、跨表徵或干擾資訊,進階變形題,局部技巧會但整體等價或條件失控,4,G8國中適齡,MathAI原創語義分類
G08-F-TABLE-01-C1,G08-F-TABLE-01,F-8-1,一次函數,多表徵,函數表格,概念辨識,由x值算y值或由表格找線性關係；第二層：辨認定義、條件、符號、式型或幾何性質,定義/式型/性質判斷,概念邊界、符號或條件混淆,1,G8國中適齡,MathAI原創語義分類
G08-F-TABLE-01-P1,G08-F-TABLE-01,F-8-1,一次函數,多表徵,函數表格,標準程序,由x值算y值或由表格找線性關係；第二層：依標準算法完成展開、化簡、解式、作圖、統計或數列計算,標準計算/解法,程序、符號、係數或運算順序錯誤,2,G8國中適齡,MathAI原創語義分類
G08-F-TABLE-01-V1,G08-F-TABLE-01,F-8-1,一次函數,多表徵,函數表格,多表徵轉換,由x值算y值或由表格找線性關係；第二層：在文字、代數式、坐標、函數圖、統計圖與幾何圖間轉換,圖↔式、表↔式、文字↔式,轉換後未保留原數學關係,3,G8國中適齡,MathAI原創語義分類
G08-F-TABLE-01-R1,G08-F-TABLE-01,F-8-1,一次函數,多表徵,函數表格,逆向與驗證,由x值算y值或由表格找線性關係；第二層：由結果反推條件、乘回驗證、代回驗根或檢查幾何依據,反推、驗算、找錯,只會正向套步驟，無法驗證,3,G8國中適齡,MathAI原創語義分類
G08-F-TABLE-01-A1,G08-F-TABLE-01,F-8-1,一次函數,多表徵,函數表格,情境建模,由x值算y值或由表格找線性關係；第二層：由情境設定變數、建立模型、選擇方法並解釋答案,應用/建模題,漏條件、選錯模型或未篩選合理解,4,G8國中適齡,MathAI原創語義分類
G08-F-TABLE-01-T1,G08-F-TABLE-01,F-8-1,一次函數,多表徵,函數表格,條件變形,由x值算y值或由表格找線性關係；第二層：加入根式、分式係數、多步驟、跨表徵或干擾資訊,進階變形題,局部技巧會但整體等價或條件失控,4,G8國中適齡,MathAI原創語義分類
G08-F-GRAPH-01-C1,G08-F-GRAPH-01,F-8-2,一次函數,圖形,一次函數圖形,概念辨識,取點描繪y=ax+b直線；第二層：辨認定義、條件、符號、式型或幾何性質,定義/式型/性質判斷,概念邊界、符號或條件混淆,1,G8國中適齡,MathAI原創語義分類
G08-F-GRAPH-01-P1,G08-F-GRAPH-01,F-8-2,一次函數,圖形,一次函數圖形,標準程序,取點描繪y=ax+b直線；第二層：依標準算法完成展開、化簡、解式、作圖、統計或數列計算,標準計算/解法,程序、符號、係數或運算順序錯誤,2,G8國中適齡,MathAI原創語義分類
G08-F-GRAPH-01-V1,G08-F-GRAPH-01,F-8-2,一次函數,圖形,一次函數圖形,多表徵轉換,取點描繪y=ax+b直線；第二層：在文字、代數式、坐標、函數圖、統計圖與幾何圖間轉換,圖↔式、表↔式、文字↔式,轉換後未保留原數學關係,3,G8國中適齡,MathAI原創語義分類
G08-F-GRAPH-01-R1,G08-F-GRAPH-01,F-8-2,一次函數,圖形,一次函數圖形,逆向與驗證,取點描繪y=ax+b直線；第二層：由結果反推條件、乘回驗證、代回驗根或檢查幾何依據,反推、驗算、找錯,只會正向套步驟，無法驗證,3,G8國中適齡,MathAI原創語義分類
G08-F-GRAPH-01-A1,G08-F-GRAPH-01,F-8-2,一次函數,圖形,一次函數圖形,情境建模,取點描繪y=ax+b直線；第二層：由情境設定變數、建立模型、選擇方法並解釋答案,應用/建模題,漏條件、選錯模型或未篩選合理解,4,G8國中適齡,MathAI原創語義分類
G08-F-GRAPH-01-T1,G08-F-GRAPH-01,F-8-2,一次函數,圖形,一次函數圖形,條件變形,取點描繪y=ax+b直線；第二層：加入根式、分式係數、多步驟、跨表徵或干擾資訊,進階變形題,局部技巧會但整體等價或條件失控,4,G8國中適齡,MathAI原創語義分類
G08-F-CONSTGRAPH-01-C1,G08-F-CONSTGRAPH-01,F-8-2,一次函數,圖形,常數函數圖形,概念辨識,辨認y=c水平線；第二層：辨認定義、條件、符號、式型或幾何性質,定義/式型/性質判斷,概念邊界、符號或條件混淆,1,G8國中適齡,MathAI原創語義分類
G08-F-CONSTGRAPH-01-P1,G08-F-CONSTGRAPH-01,F-8-2,一次函數,圖形,常數函數圖形,標準程序,辨認y=c水平線；第二層：依標準算法完成展開、化簡、解式、作圖、統計或數列計算,標準計算/解法,程序、符號、係數或運算順序錯誤,2,G8國中適齡,MathAI原創語義分類
G08-F-CONSTGRAPH-01-V1,G08-F-CONSTGRAPH-01,F-8-2,一次函數,圖形,常數函數圖形,多表徵轉換,辨認y=c水平線；第二層：在文字、代數式、坐標、函數圖、統計圖與幾何圖間轉換,圖↔式、表↔式、文字↔式,轉換後未保留原數學關係,3,G8國中適齡,MathAI原創語義分類
G08-F-CONSTGRAPH-01-R1,G08-F-CONSTGRAPH-01,F-8-2,一次函數,圖形,常數函數圖形,逆向與驗證,辨認y=c水平線；第二層：由結果反推條件、乘回驗證、代回驗根或檢查幾何依據,反推、驗算、找錯,只會正向套步驟，無法驗證,3,G8國中適齡,MathAI原創語義分類
G08-F-CONSTGRAPH-01-A1,G08-F-CONSTGRAPH-01,F-8-2,一次函數,圖形,常數函數圖形,情境建模,辨認y=c水平線；第二層：由情境設定變數、建立模型、選擇方法並解釋答案,應用/建模題,漏條件、選錯模型或未篩選合理解,4,G8國中適齡,MathAI原創語義分類
G08-F-GRAPH-READ-01-C1,G08-F-GRAPH-READ-01,F-8-2,一次函數,圖形,由圖讀變化,概念辨識,由圖形判讀截距、增減與對應值；第二層：辨認定義、條件、符號、式型或幾何性質,定義/式型/性質判斷,概念邊界、符號或條件混淆,1,G8國中適齡,MathAI原創語義分類
G08-F-GRAPH-READ-01-P1,G08-F-GRAPH-READ-01,F-8-2,一次函數,圖形,由圖讀變化,標準程序,由圖形判讀截距、增減與對應值；第二層：依標準算法完成展開、化簡、解式、作圖、統計或數列計算,標準計算/解法,程序、符號、係數或運算順序錯誤,2,G8國中適齡,MathAI原創語義分類
G08-F-GRAPH-READ-01-V1,G08-F-GRAPH-READ-01,F-8-2,一次函數,圖形,由圖讀變化,多表徵轉換,由圖形判讀截距、增減與對應值；第二層：在文字、代數式、坐標、函數圖、統計圖與幾何圖間轉換,圖↔式、表↔式、文字↔式,轉換後未保留原數學關係,3,G8國中適齡,MathAI原創語義分類
G08-F-GRAPH-READ-01-R1,G08-F-GRAPH-READ-01,F-8-2,一次函數,圖形,由圖讀變化,逆向與驗證,由圖形判讀截距、增減與對應值；第二層：由結果反推條件、乘回驗證、代回驗根或檢查幾何依據,反推、驗算、找錯,只會正向套步驟，無法驗證,3,G8國中適齡,MathAI原創語義分類
G08-F-GRAPH-READ-01-A1,G08-F-GRAPH-READ-01,F-8-2,一次函數,圖形,由圖讀變化,情境建模,由圖形判讀截距、增減與對應值；第二層：由情境設定變數、建立模型、選擇方法並解釋答案,應用/建模題,漏條件、選錯模型或未篩選合理解,4,G8國中適齡,MathAI原創語義分類
G08-F-GRAPH-READ-01-T1,G08-F-GRAPH-READ-01,F-8-2,一次函數,圖形,由圖讀變化,條件變形,由圖形判讀截距、增減與對應值；第二層：加入根式、分式係數、多步驟、跨表徵或干擾資訊,進階變形題,局部技巧會但整體等價或條件失控,4,G8國中適齡,MathAI原創語義分類
G08-F-GRAPH-READ-01-X1,G08-F-GRAPH-READ-01,F-8-2,一次函數,圖形,由圖讀變化,跨主題整合,由圖形判讀截距、增減與對應值；第二層：整合多項式、根式、方程式、函數、數列或幾何做非例行推理,跨單元/會考型,無法辨識多個技能的串接順序,5,G8國中適齡,MathAI原創語義分類
G08-F-MODEL-01-C1,G08-F-MODEL-01,F-8-1 / F-8-2,一次函數,應用,線性情境建模,概念辨識,由固定費用+單位量等情境建立一次函數；第二層：辨認定義、條件、符號、式型或幾何性質,定義/式型/性質判斷,概念邊界、符號或條件混淆,1,G8國中適齡,MathAI原創語義分類
G08-F-MODEL-01-P1,G08-F-MODEL-01,F-8-1 / F-8-2,一次函數,應用,線性情境建模,標準程序,由固定費用+單位量等情境建立一次函數；第二層：依標準算法完成展開、化簡、解式、作圖、統計或數列計算,標準計算/解法,程序、符號、係數或運算順序錯誤,2,G8國中適齡,MathAI原創語義分類
G08-F-MODEL-01-V1,G08-F-MODEL-01,F-8-1 / F-8-2,一次函數,應用,線性情境建模,多表徵轉換,由固定費用+單位量等情境建立一次函數；第二層：在文字、代數式、坐標、函數圖、統計圖與幾何圖間轉換,圖↔式、表↔式、文字↔式,轉換後未保留原數學關係,3,G8國中適齡,MathAI原創語義分類
G08-F-MODEL-01-R1,G08-F-MODEL-01,F-8-1 / F-8-2,一次函數,應用,線性情境建模,逆向與驗證,由固定費用+單位量等情境建立一次函數；第二層：由結果反推條件、乘回驗證、代回驗根或檢查幾何依據,反推、驗算、找錯,只會正向套步驟，無法驗證,3,G8國中適齡,MathAI原創語義分類
G08-F-MODEL-01-A1,G08-F-MODEL-01,F-8-1 / F-8-2,一次函數,應用,線性情境建模,情境建模,由固定費用+單位量等情境建立一次函數；第二層：由情境設定變數、建立模型、選擇方法並解釋答案,應用/建模題,漏條件、選錯模型或未篩選合理解,4,G8國中適齡,MathAI原創語義分類
G08-F-MODEL-01-T1,G08-F-MODEL-01,F-8-1 / F-8-2,一次函數,應用,線性情境建模,條件變形,由固定費用+單位量等情境建立一次函數；第二層：加入根式、分式係數、多步驟、跨表徵或干擾資訊,進階變形題,局部技巧會但整體等價或條件失控,4,G8國中適齡,MathAI原創語義分類
G08-F-MODEL-01-X1,G08-F-MODEL-01,F-8-1 / F-8-2,一次函數,應用,線性情境建模,跨主題整合,由固定費用+單位量等情境建立一次函數；第二層：整合多項式、根式、方程式、函數、數列或幾何做非例行推理,跨單元/會考型,無法辨識多個技能的串接順序,5,G8國中適齡,MathAI原創語義分類
G08-S-ANGLE-REL-01-C1,G08-S-ANGLE-REL-01,S-8-1,三角形與角,角關係,互餘互補與對頂角,概念辨識,利用角關係求未知角；第二層：辨認定義、條件、符號、式型或幾何性質,定義/式型/性質判斷,概念邊界、符號或條件混淆,1,G8國中適齡,MathAI原創語義分類
G08-S-ANGLE-REL-01-P1,G08-S-ANGLE-REL-01,S-8-1,三角形與角,角關係,互餘互補與對頂角,標準程序,利用角關係求未知角；第二層：依標準算法完成展開、化簡、解式、作圖、統計或數列計算,標準計算/解法,程序、符號、係數或運算順序錯誤,2,G8國中適齡,MathAI原創語義分類
G08-S-ANGLE-REL-01-V1,G08-S-ANGLE-REL-01,S-8-1,三角形與角,角關係,互餘互補與對頂角,多表徵轉換,利用角關係求未知角；第二層：在文字、代數式、坐標、函數圖、統計圖與幾何圖間轉換,圖↔式、表↔式、文字↔式,轉換後未保留原數學關係,3,G8國中適齡,MathAI原創語義分類
G08-S-ANGLE-REL-01-R1,G08-S-ANGLE-REL-01,S-8-1,三角形與角,角關係,互餘互補與對頂角,逆向與驗證,利用角關係求未知角；第二層：由結果反推條件、乘回驗證、代回驗根或檢查幾何依據,反推、驗算、找錯,只會正向套步驟，無法驗證,3,G8國中適齡,MathAI原創語義分類
G08-S-ANGLE-REL-01-A1,G08-S-ANGLE-REL-01,S-8-1,三角形與角,角關係,互餘互補與對頂角,情境建模,利用角關係求未知角；第二層：由情境設定變數、建立模型、選擇方法並解釋答案,應用/建模題,漏條件、選錯模型或未篩選合理解,4,G8國中適齡,MathAI原創語義分類
G08-S-ANGLE-REL-01-T1,G08-S-ANGLE-REL-01,S-8-1,三角形與角,角關係,互餘互補與對頂角,條件變形,利用角關係求未知角；第二層：加入根式、分式係數、多步驟、跨表徵或干擾資訊,進階變形題,局部技巧會但整體等價或條件失控,4,G8國中適齡,MathAI原創語義分類
G08-S-TRANSVERSAL-01-C1,G08-S-TRANSVERSAL-01,S-8-1 / S-8-3,三角形與角,截角,同位內錯同側內角,概念辨識,辨認截線形成的角並連結平行性質；第二層：辨認定義、條件、符號、式型或幾何性質,定義/式型/性質判斷,概念邊界、符號或條件混淆,1,G8國中適齡,MathAI原創語義分類
G08-S-TRANSVERSAL-01-P1,G08-S-TRANSVERSAL-01,S-8-1 / S-8-3,三角形與角,截角,同位內錯同側內角,標準程序,辨認截線形成的角並連結平行性質；第二層：依標準算法完成展開、化簡、解式、作圖、統計或數列計算,標準計算/解法,程序、符號、係數或運算順序錯誤,2,G8國中適齡,MathAI原創語義分類
G08-S-TRANSVERSAL-01-V1,G08-S-TRANSVERSAL-01,S-8-1 / S-8-3,三角形與角,截角,同位內錯同側內角,多表徵轉換,辨認截線形成的角並連結平行性質；第二層：在文字、代數式、坐標、函數圖、統計圖與幾何圖間轉換,圖↔式、表↔式、文字↔式,轉換後未保留原數學關係,3,G8國中適齡,MathAI原創語義分類
G08-S-TRANSVERSAL-01-R1,G08-S-TRANSVERSAL-01,S-8-1 / S-8-3,三角形與角,截角,同位內錯同側內角,逆向與驗證,辨認截線形成的角並連結平行性質；第二層：由結果反推條件、乘回驗證、代回驗根或檢查幾何依據,反推、驗算、找錯,只會正向套步驟，無法驗證,3,G8國中適齡,MathAI原創語義分類
G08-S-TRANSVERSAL-01-A1,G08-S-TRANSVERSAL-01,S-8-1 / S-8-3,三角形與角,截角,同位內錯同側內角,情境建模,辨認截線形成的角並連結平行性質；第二層：由情境設定變數、建立模型、選擇方法並解釋答案,應用/建模題,漏條件、選錯模型或未篩選合理解,4,G8國中適齡,MathAI原創語義分類
G08-S-TRANSVERSAL-01-T1,G08-S-TRANSVERSAL-01,S-8-1 / S-8-3,三角形與角,截角,同位內錯同側內角,條件變形,辨認截線形成的角並連結平行性質；第二層：加入根式、分式係數、多步驟、跨表徵或干擾資訊,進階變形題,局部技巧會但整體等價或條件失控,4,G8國中適齡,MathAI原創語義分類
G08-S-TRANSVERSAL-01-X1,G08-S-TRANSVERSAL-01,S-8-1 / S-8-3,三角形與角,截角,同位內錯同側內角,跨主題整合,辨認截線形成的角並連結平行性質；第二層：整合多項式、根式、方程式、函數、數列或幾何做非例行推理,跨單元/會考型,無法辨識多個技能的串接順序,5,G8國中適齡,MathAI原創語義分類
G08-S-POLY-INNER-01-C1,G08-S-POLY-INNER-01,S-8-2,多邊形,內角和,凸多邊形內角和,概念辨識,使用(n-2)×180°求內角和；第二層：辨認定義、條件、符號、式型或幾何性質,定義/式型/性質判斷,概念邊界、符號或條件混淆,1,G8國中適齡,MathAI原創語義分類
G08-S-POLY-INNER-01-P1,G08-S-POLY-INNER-01,S-8-2,多邊形,內角和,凸多邊形內角和,標準程序,使用(n-2)×180°求內角和；第二層：依標準算法完成展開、化簡、解式、作圖、統計或數列計算,標準計算/解法,程序、符號、係數或運算順序錯誤,2,G8國中適齡,MathAI原創語義分類
G08-S-POLY-INNER-01-V1,G08-S-POLY-INNER-01,S-8-2,多邊形,內角和,凸多邊形內角和,多表徵轉換,使用(n-2)×180°求內角和；第二層：在文字、代數式、坐標、函數圖、統計圖與幾何圖間轉換,圖↔式、表↔式、文字↔式,轉換後未保留原數學關係,3,G8國中適齡,MathAI原創語義分類
G08-S-POLY-INNER-01-R1,G08-S-POLY-INNER-01,S-8-2,多邊形,內角和,凸多邊形內角和,逆向與驗證,使用(n-2)×180°求內角和；第二層：由結果反推條件、乘回驗證、代回驗根或檢查幾何依據,反推、驗算、找錯,只會正向套步驟，無法驗證,3,G8國中適齡,MathAI原創語義分類
G08-S-POLY-INNER-01-A1,G08-S-POLY-INNER-01,S-8-2,多邊形,內角和,凸多邊形內角和,情境建模,使用(n-2)×180°求內角和；第二層：由情境設定變數、建立模型、選擇方法並解釋答案,應用/建模題,漏條件、選錯模型或未篩選合理解,4,G8國中適齡,MathAI原創語義分類
G08-S-POLY-INNER-01-T1,G08-S-POLY-INNER-01,S-8-2,多邊形,內角和,凸多邊形內角和,條件變形,使用(n-2)×180°求內角和；第二層：加入根式、分式係數、多步驟、跨表徵或干擾資訊,進階變形題,局部技巧會但整體等價或條件失控,4,G8國中適齡,MathAI原創語義分類
G08-S-REGPOLY-01-C1,G08-S-REGPOLY-01,S-8-2,多邊形,正多邊形,每一內角,概念辨識,由內角和求正n邊形每一內角；第二層：辨認定義、條件、符號、式型或幾何性質,定義/式型/性質判斷,概念邊界、符號或條件混淆,1,G8國中適齡,MathAI原創語義分類
G08-S-REGPOLY-01-P1,G08-S-REGPOLY-01,S-8-2,多邊形,正多邊形,每一內角,標準程序,由內角和求正n邊形每一內角；第二層：依標準算法完成展開、化簡、解式、作圖、統計或數列計算,標準計算/解法,程序、符號、係數或運算順序錯誤,2,G8國中適齡,MathAI原創語義分類
G08-S-REGPOLY-01-V1,G08-S-REGPOLY-01,S-8-2,多邊形,正多邊形,每一內角,多表徵轉換,由內角和求正n邊形每一內角；第二層：在文字、代數式、坐標、函數圖、統計圖與幾何圖間轉換,圖↔式、表↔式、文字↔式,轉換後未保留原數學關係,3,G8國中適齡,MathAI原創語義分類
G08-S-REGPOLY-01-R1,G08-S-REGPOLY-01,S-8-2,多邊形,正多邊形,每一內角,逆向與驗證,由內角和求正n邊形每一內角；第二層：由結果反推條件、乘回驗證、代回驗根或檢查幾何依據,反推、驗算、找錯,只會正向套步驟，無法驗證,3,G8國中適齡,MathAI原創語義分類
G08-S-REGPOLY-01-A1,G08-S-REGPOLY-01,S-8-2,多邊形,正多邊形,每一內角,情境建模,由內角和求正n邊形每一內角；第二層：由情境設定變數、建立模型、選擇方法並解釋答案,應用/建模題,漏條件、選錯模型或未篩選合理解,4,G8國中適齡,MathAI原創語義分類
G08-S-REGPOLY-01-T1,G08-S-REGPOLY-01,S-8-2,多邊形,正多邊形,每一內角,條件變形,由內角和求正n邊形每一內角；第二層：加入根式、分式係數、多步驟、跨表徵或干擾資訊,進階變形題,局部技巧會但整體等價或條件失控,4,G8國中適齡,MathAI原創語義分類
G08-S-REGPOLY-01-X1,G08-S-REGPOLY-01,S-8-2,多邊形,正多邊形,每一內角,跨主題整合,由內角和求正n邊形每一內角；第二層：整合多項式、根式、方程式、函數、數列或幾何做非例行推理,跨單元/會考型,無法辨識多個技能的串接順序,5,G8國中適齡,MathAI原創語義分類
G08-S-PARALLEL-01-C1,G08-S-PARALLEL-01,S-8-3,平行,截角性質,由平行推角關係,概念辨識,利用同位/內錯等角與同側互補；第二層：辨認定義、條件、符號、式型或幾何性質,定義/式型/性質判斷,概念邊界、符號或條件混淆,1,G8國中適齡,MathAI原創語義分類
G08-S-PARALLEL-01-P1,G08-S-PARALLEL-01,S-8-3,平行,截角性質,由平行推角關係,標準程序,利用同位/內錯等角與同側互補；第二層：依標準算法完成展開、化簡、解式、作圖、統計或數列計算,標準計算/解法,程序、符號、係數或運算順序錯誤,2,G8國中適齡,MathAI原創語義分類
G08-S-PARALLEL-01-V1,G08-S-PARALLEL-01,S-8-3,平行,截角性質,由平行推角關係,多表徵轉換,利用同位/內錯等角與同側互補；第二層：在文字、代數式、坐標、函數圖、統計圖與幾何圖間轉換,圖↔式、表↔式、文字↔式,轉換後未保留原數學關係,3,G8國中適齡,MathAI原創語義分類
G08-S-PARALLEL-01-R1,G08-S-PARALLEL-01,S-8-3,平行,截角性質,由平行推角關係,逆向與驗證,利用同位/內錯等角與同側互補；第二層：由結果反推條件、乘回驗證、代回驗根或檢查幾何依據,反推、驗算、找錯,只會正向套步驟，無法驗證,3,G8國中適齡,MathAI原創語義分類
G08-S-PARALLEL-01-A1,G08-S-PARALLEL-01,S-8-3,平行,截角性質,由平行推角關係,情境建模,利用同位/內錯等角與同側互補；第二層：由情境設定變數、建立模型、選擇方法並解釋答案,應用/建模題,漏條件、選錯模型或未篩選合理解,4,G8國中適齡,MathAI原創語義分類
G08-S-PARALLEL-01-T1,G08-S-PARALLEL-01,S-8-3,平行,截角性質,由平行推角關係,條件變形,利用同位/內錯等角與同側互補；第二層：加入根式、分式係數、多步驟、跨表徵或干擾資訊,進階變形題,局部技巧會但整體等價或條件失控,4,G8國中適齡,MathAI原創語義分類
G08-S-PARALLEL-01-X1,G08-S-PARALLEL-01,S-8-3,平行,截角性質,由平行推角關係,跨主題整合,利用同位/內錯等角與同側互補；第二層：整合多項式、根式、方程式、函數、數列或幾何做非例行推理,跨單元/會考型,無法辨識多個技能的串接順序,5,G8國中適齡,MathAI原創語義分類
G08-S-PARALLEL-REV-01-C1,G08-S-PARALLEL-REV-01,S-8-3,平行,判定,由角關係判平行,概念辨識,利用截角關係判定兩直線平行；第二層：辨認定義、條件、符號、式型或幾何性質,定義/式型/性質判斷,概念邊界、符號或條件混淆,1,G8國中適齡,MathAI原創語義分類
G08-S-PARALLEL-REV-01-P1,G08-S-PARALLEL-REV-01,S-8-3,平行,判定,由角關係判平行,標準程序,利用截角關係判定兩直線平行；第二層：依標準算法完成展開、化簡、解式、作圖、統計或數列計算,標準計算/解法,程序、符號、係數或運算順序錯誤,2,G8國中適齡,MathAI原創語義分類
G08-S-PARALLEL-REV-01-V1,G08-S-PARALLEL-REV-01,S-8-3,平行,判定,由角關係判平行,多表徵轉換,利用截角關係判定兩直線平行；第二層：在文字、代數式、坐標、函數圖、統計圖與幾何圖間轉換,圖↔式、表↔式、文字↔式,轉換後未保留原數學關係,3,G8國中適齡,MathAI原創語義分類
G08-S-PARALLEL-REV-01-R1,G08-S-PARALLEL-REV-01,S-8-3,平行,判定,由角關係判平行,逆向與驗證,利用截角關係判定兩直線平行；第二層：由結果反推條件、乘回驗證、代回驗根或檢查幾何依據,反推、驗算、找錯,只會正向套步驟，無法驗證,3,G8國中適齡,MathAI原創語義分類
G08-S-PARALLEL-REV-01-A1,G08-S-PARALLEL-REV-01,S-8-3,平行,判定,由角關係判平行,情境建模,利用截角關係判定兩直線平行；第二層：由情境設定變數、建立模型、選擇方法並解釋答案,應用/建模題,漏條件、選錯模型或未篩選合理解,4,G8國中適齡,MathAI原創語義分類
G08-S-PARALLEL-REV-01-T1,G08-S-PARALLEL-REV-01,S-8-3,平行,判定,由角關係判平行,條件變形,利用截角關係判定兩直線平行；第二層：加入根式、分式係數、多步驟、跨表徵或干擾資訊,進階變形題,局部技巧會但整體等價或條件失控,4,G8國中適齡,MathAI原創語義分類
G08-S-PARALLEL-REV-01-X1,G08-S-PARALLEL-REV-01,S-8-3,平行,判定,由角關係判平行,跨主題整合,利用截角關係判定兩直線平行；第二層：整合多項式、根式、方程式、函數、數列或幾何做非例行推理,跨單元/會考型,無法辨識多個技能的串接順序,5,G8國中適齡,MathAI原創語義分類
G08-S-CONGRUENT-01-C1,G08-S-CONGRUENT-01,S-8-4,全等,全等圖形,全等與對應,概念辨識,判斷全等並配對對應頂點邊角；第二層：辨認定義、條件、符號、式型或幾何性質,定義/式型/性質判斷,概念邊界、符號或條件混淆,1,G8國中適齡,MathAI原創語義分類
G08-S-CONGRUENT-01-P1,G08-S-CONGRUENT-01,S-8-4,全等,全等圖形,全等與對應,標準程序,判斷全等並配對對應頂點邊角；第二層：依標準算法完成展開、化簡、解式、作圖、統計或數列計算,標準計算/解法,程序、符號、係數或運算順序錯誤,2,G8國中適齡,MathAI原創語義分類
G08-S-CONGRUENT-01-V1,G08-S-CONGRUENT-01,S-8-4,全等,全等圖形,全等與對應,多表徵轉換,判斷全等並配對對應頂點邊角；第二層：在文字、代數式、坐標、函數圖、統計圖與幾何圖間轉換,圖↔式、表↔式、文字↔式,轉換後未保留原數學關係,3,G8國中適齡,MathAI原創語義分類
G08-S-CONGRUENT-01-R1,G08-S-CONGRUENT-01,S-8-4,全等,全等圖形,全等與對應,逆向與驗證,判斷全等並配對對應頂點邊角；第二層：由結果反推條件、乘回驗證、代回驗根或檢查幾何依據,反推、驗算、找錯,只會正向套步驟，無法驗證,3,G8國中適齡,MathAI原創語義分類
G08-S-CONGRUENT-01-A1,G08-S-CONGRUENT-01,S-8-4,全等,全等圖形,全等與對應,情境建模,判斷全等並配對對應頂點邊角；第二層：由情境設定變數、建立模型、選擇方法並解釋答案,應用/建模題,漏條件、選錯模型或未篩選合理解,4,G8國中適齡,MathAI原創語義分類
G08-S-CONGRUENT-01-T1,G08-S-CONGRUENT-01,S-8-4,全等,全等圖形,全等與對應,條件變形,判斷全等並配對對應頂點邊角；第二層：加入根式、分式係數、多步驟、跨表徵或干擾資訊,進階變形題,局部技巧會但整體等價或條件失控,4,G8國中適齡,MathAI原創語義分類
G08-S-TRI-SSS-01-C1,G08-S-TRI-SSS-01,S-8-5,全等,三角形判定,SSS,概念辨識,以三邊條件判定全等；第二層：辨認定義、條件、符號、式型或幾何性質,定義/式型/性質判斷,概念邊界、符號或條件混淆,1,G8國中適齡,MathAI原創語義分類
G08-S-TRI-SSS-01-P1,G08-S-TRI-SSS-01,S-8-5,全等,三角形判定,SSS,標準程序,以三邊條件判定全等；第二層：依標準算法完成展開、化簡、解式、作圖、統計或數列計算,標準計算/解法,程序、符號、係數或運算順序錯誤,2,G8國中適齡,MathAI原創語義分類
G08-S-TRI-SSS-01-V1,G08-S-TRI-SSS-01,S-8-5,全等,三角形判定,SSS,多表徵轉換,以三邊條件判定全等；第二層：在文字、代數式、坐標、函數圖、統計圖與幾何圖間轉換,圖↔式、表↔式、文字↔式,轉換後未保留原數學關係,3,G8國中適齡,MathAI原創語義分類
G08-S-TRI-SSS-01-R1,G08-S-TRI-SSS-01,S-8-5,全等,三角形判定,SSS,逆向與驗證,以三邊條件判定全等；第二層：由結果反推條件、乘回驗證、代回驗根或檢查幾何依據,反推、驗算、找錯,只會正向套步驟，無法驗證,3,G8國中適齡,MathAI原創語義分類
G08-S-TRI-SSS-01-A1,G08-S-TRI-SSS-01,S-8-5,全等,三角形判定,SSS,情境建模,以三邊條件判定全等；第二層：由情境設定變數、建立模型、選擇方法並解釋答案,應用/建模題,漏條件、選錯模型或未篩選合理解,4,G8國中適齡,MathAI原創語義分類
G08-S-TRI-SSS-01-T1,G08-S-TRI-SSS-01,S-8-5,全等,三角形判定,SSS,條件變形,以三邊條件判定全等；第二層：加入根式、分式係數、多步驟、跨表徵或干擾資訊,進階變形題,局部技巧會但整體等價或條件失控,4,G8國中適齡,MathAI原創語義分類
G08-S-TRI-SAS-01-C1,G08-S-TRI-SAS-01,S-8-5,全等,三角形判定,SAS,概念辨識,以兩邊及夾角判定全等；第二層：辨認定義、條件、符號、式型或幾何性質,定義/式型/性質判斷,概念邊界、符號或條件混淆,1,G8國中適齡,MathAI原創語義分類
G08-S-TRI-SAS-01-P1,G08-S-TRI-SAS-01,S-8-5,全等,三角形判定,SAS,標準程序,以兩邊及夾角判定全等；第二層：依標準算法完成展開、化簡、解式、作圖、統計或數列計算,標準計算/解法,程序、符號、係數或運算順序錯誤,2,G8國中適齡,MathAI原創語義分類
G08-S-TRI-SAS-01-V1,G08-S-TRI-SAS-01,S-8-5,全等,三角形判定,SAS,多表徵轉換,以兩邊及夾角判定全等；第二層：在文字、代數式、坐標、函數圖、統計圖與幾何圖間轉換,圖↔式、表↔式、文字↔式,轉換後未保留原數學關係,3,G8國中適齡,MathAI原創語義分類
G08-S-TRI-SAS-01-R1,G08-S-TRI-SAS-01,S-8-5,全等,三角形判定,SAS,逆向與驗證,以兩邊及夾角判定全等；第二層：由結果反推條件、乘回驗證、代回驗根或檢查幾何依據,反推、驗算、找錯,只會正向套步驟，無法驗證,3,G8國中適齡,MathAI原創語義分類
G08-S-TRI-SAS-01-A1,G08-S-TRI-SAS-01,S-8-5,全等,三角形判定,SAS,情境建模,以兩邊及夾角判定全等；第二層：由情境設定變數、建立模型、選擇方法並解釋答案,應用/建模題,漏條件、選錯模型或未篩選合理解,4,G8國中適齡,MathAI原創語義分類
G08-S-TRI-SAS-01-T1,G08-S-TRI-SAS-01,S-8-5,全等,三角形判定,SAS,條件變形,以兩邊及夾角判定全等；第二層：加入根式、分式係數、多步驟、跨表徵或干擾資訊,進階變形題,局部技巧會但整體等價或條件失控,4,G8國中適齡,MathAI原創語義分類
G08-S-TRI-ASA-01-C1,G08-S-TRI-ASA-01,S-8-5,全等,三角形判定,ASA/AAS,概念辨識,以角邊條件判定全等；第二層：辨認定義、條件、符號、式型或幾何性質,定義/式型/性質判斷,概念邊界、符號或條件混淆,1,G8國中適齡,MathAI原創語義分類
G08-S-TRI-ASA-01-P1,G08-S-TRI-ASA-01,S-8-5,全等,三角形判定,ASA/AAS,標準程序,以角邊條件判定全等；第二層：依標準算法完成展開、化簡、解式、作圖、統計或數列計算,標準計算/解法,程序、符號、係數或運算順序錯誤,2,G8國中適齡,MathAI原創語義分類
G08-S-TRI-ASA-01-V1,G08-S-TRI-ASA-01,S-8-5,全等,三角形判定,ASA/AAS,多表徵轉換,以角邊條件判定全等；第二層：在文字、代數式、坐標、函數圖、統計圖與幾何圖間轉換,圖↔式、表↔式、文字↔式,轉換後未保留原數學關係,3,G8國中適齡,MathAI原創語義分類
G08-S-TRI-ASA-01-R1,G08-S-TRI-ASA-01,S-8-5,全等,三角形判定,ASA/AAS,逆向與驗證,以角邊條件判定全等；第二層：由結果反推條件、乘回驗證、代回驗根或檢查幾何依據,反推、驗算、找錯,只會正向套步驟，無法驗證,3,G8國中適齡,MathAI原創語義分類
G08-S-TRI-ASA-01-A1,G08-S-TRI-ASA-01,S-8-5,全等,三角形判定,ASA/AAS,情境建模,以角邊條件判定全等；第二層：由情境設定變數、建立模型、選擇方法並解釋答案,應用/建模題,漏條件、選錯模型或未篩選合理解,4,G8國中適齡,MathAI原創語義分類
G08-S-TRI-ASA-01-T1,G08-S-TRI-ASA-01,S-8-5,全等,三角形判定,ASA/AAS,條件變形,以角邊條件判定全等；第二層：加入根式、分式係數、多步驟、跨表徵或干擾資訊,進階變形題,局部技巧會但整體等價或條件失控,4,G8國中適齡,MathAI原創語義分類
G08-S-TRI-ASA-01-X1,G08-S-TRI-ASA-01,S-8-5,全等,三角形判定,ASA/AAS,跨主題整合,以角邊條件判定全等；第二層：整合多項式、根式、方程式、函數、數列或幾何做非例行推理,跨單元/會考型,無法辨識多個技能的串接順序,5,G8國中適齡,MathAI原創語義分類
G08-S-TRI-RHS-01-C1,G08-S-TRI-RHS-01,S-8-5,全等,三角形判定,RHS,概念辨識,直角三角形斜邊直角邊全等；第二層：辨認定義、條件、符號、式型或幾何性質,定義/式型/性質判斷,概念邊界、符號或條件混淆,1,G8國中適齡,MathAI原創語義分類
G08-S-TRI-RHS-01-P1,G08-S-TRI-RHS-01,S-8-5,全等,三角形判定,RHS,標準程序,直角三角形斜邊直角邊全等；第二層：依標準算法完成展開、化簡、解式、作圖、統計或數列計算,標準計算/解法,程序、符號、係數或運算順序錯誤,2,G8國中適齡,MathAI原創語義分類
G08-S-TRI-RHS-01-V1,G08-S-TRI-RHS-01,S-8-5,全等,三角形判定,RHS,多表徵轉換,直角三角形斜邊直角邊全等；第二層：在文字、代數式、坐標、函數圖、統計圖與幾何圖間轉換,圖↔式、表↔式、文字↔式,轉換後未保留原數學關係,3,G8國中適齡,MathAI原創語義分類
G08-S-TRI-RHS-01-R1,G08-S-TRI-RHS-01,S-8-5,全等,三角形判定,RHS,逆向與驗證,直角三角形斜邊直角邊全等；第二層：由結果反推條件、乘回驗證、代回驗根或檢查幾何依據,反推、驗算、找錯,只會正向套步驟，無法驗證,3,G8國中適齡,MathAI原創語義分類
G08-S-TRI-RHS-01-A1,G08-S-TRI-RHS-01,S-8-5,全等,三角形判定,RHS,情境建模,直角三角形斜邊直角邊全等；第二層：由情境設定變數、建立模型、選擇方法並解釋答案,應用/建模題,漏條件、選錯模型或未篩選合理解,4,G8國中適齡,MathAI原創語義分類
G08-S-TRI-RHS-01-T1,G08-S-TRI-RHS-01,S-8-5,全等,三角形判定,RHS,條件變形,直角三角形斜邊直角邊全等；第二層：加入根式、分式係數、多步驟、跨表徵或干擾資訊,進階變形題,局部技巧會但整體等價或條件失控,4,G8國中適齡,MathAI原創語義分類
G08-S-TRI-RHS-01-X1,G08-S-TRI-RHS-01,S-8-5,全等,三角形判定,RHS,跨主題整合,直角三角形斜邊直角邊全等；第二層：整合多項式、根式、方程式、函數、數列或幾何做非例行推理,跨單元/會考型,無法辨識多個技能的串接順序,5,G8國中適齡,MathAI原創語義分類
G08-S-CONG-PROOF-01-C1,G08-S-CONG-PROOF-01,S-8-5 / S-8-12,全等,幾何推理,由全等推出邊角相等,概念辨識,用明確依據寫簡單推理鏈；第二層：辨認定義、條件、符號、式型或幾何性質,定義/式型/性質判斷,概念邊界、符號或條件混淆,1,G8國中適齡,MathAI原創語義分類
G08-S-CONG-PROOF-01-P1,G08-S-CONG-PROOF-01,S-8-5 / S-8-12,全等,幾何推理,由全等推出邊角相等,標準程序,用明確依據寫簡單推理鏈；第二層：依標準算法完成展開、化簡、解式、作圖、統計或數列計算,標準計算/解法,程序、符號、係數或運算順序錯誤,2,G8國中適齡,MathAI原創語義分類
G08-S-CONG-PROOF-01-V1,G08-S-CONG-PROOF-01,S-8-5 / S-8-12,全等,幾何推理,由全等推出邊角相等,多表徵轉換,用明確依據寫簡單推理鏈；第二層：在文字、代數式、坐標、函數圖、統計圖與幾何圖間轉換,圖↔式、表↔式、文字↔式,轉換後未保留原數學關係,3,G8國中適齡,MathAI原創語義分類
G08-S-CONG-PROOF-01-R1,G08-S-CONG-PROOF-01,S-8-5 / S-8-12,全等,幾何推理,由全等推出邊角相等,逆向與驗證,用明確依據寫簡單推理鏈；第二層：由結果反推條件、乘回驗證、代回驗根或檢查幾何依據,反推、驗算、找錯,只會正向套步驟，無法驗證,3,G8國中適齡,MathAI原創語義分類
G08-S-CONG-PROOF-01-A1,G08-S-CONG-PROOF-01,S-8-5 / S-8-12,全等,幾何推理,由全等推出邊角相等,情境建模,用明確依據寫簡單推理鏈；第二層：由情境設定變數、建立模型、選擇方法並解釋答案,應用/建模題,漏條件、選錯模型或未篩選合理解,4,G8國中適齡,MathAI原創語義分類
G08-S-CONG-PROOF-01-T1,G08-S-CONG-PROOF-01,S-8-5 / S-8-12,全等,幾何推理,由全等推出邊角相等,條件變形,用明確依據寫簡單推理鏈；第二層：加入根式、分式係數、多步驟、跨表徵或干擾資訊,進階變形題,局部技巧會但整體等價或條件失控,4,G8國中適齡,MathAI原創語義分類
G08-S-CONG-PROOF-01-X1,G08-S-CONG-PROOF-01,S-8-5 / S-8-12,全等,幾何推理,由全等推出邊角相等,跨主題整合,用明確依據寫簡單推理鏈；第二層：整合多項式、根式、方程式、函數、數列或幾何做非例行推理,跨單元/會考型,無法辨識多個技能的串接順序,5,G8國中適齡,MathAI原創語義分類
G08-S-EQUIL-H-01-C1,G08-S-EQUIL-H-01,S-8-7,面積,正三角形,正三角形高,概念辨識,由畢氏定理求邊長a正三角形高；第二層：辨認定義、條件、符號、式型或幾何性質,定義/式型/性質判斷,概念邊界、符號或條件混淆,1,G8國中適齡,MathAI原創語義分類
G08-S-EQUIL-H-01-P1,G08-S-EQUIL-H-01,S-8-7,面積,正三角形,正三角形高,標準程序,由畢氏定理求邊長a正三角形高；第二層：依標準算法完成展開、化簡、解式、作圖、統計或數列計算,標準計算/解法,程序、符號、係數或運算順序錯誤,2,G8國中適齡,MathAI原創語義分類
G08-S-EQUIL-H-01-V1,G08-S-EQUIL-H-01,S-8-7,面積,正三角形,正三角形高,多表徵轉換,由畢氏定理求邊長a正三角形高；第二層：在文字、代數式、坐標、函數圖、統計圖與幾何圖間轉換,圖↔式、表↔式、文字↔式,轉換後未保留原數學關係,3,G8國中適齡,MathAI原創語義分類
G08-S-EQUIL-H-01-R1,G08-S-EQUIL-H-01,S-8-7,面積,正三角形,正三角形高,逆向與驗證,由畢氏定理求邊長a正三角形高；第二層：由結果反推條件、乘回驗證、代回驗根或檢查幾何依據,反推、驗算、找錯,只會正向套步驟，無法驗證,3,G8國中適齡,MathAI原創語義分類
G08-S-EQUIL-H-01-A1,G08-S-EQUIL-H-01,S-8-7,面積,正三角形,正三角形高,情境建模,由畢氏定理求邊長a正三角形高；第二層：由情境設定變數、建立模型、選擇方法並解釋答案,應用/建模題,漏條件、選錯模型或未篩選合理解,4,G8國中適齡,MathAI原創語義分類
G08-S-EQUIL-H-01-T1,G08-S-EQUIL-H-01,S-8-7,面積,正三角形,正三角形高,條件變形,由畢氏定理求邊長a正三角形高；第二層：加入根式、分式係數、多步驟、跨表徵或干擾資訊,進階變形題,局部技巧會但整體等價或條件失控,4,G8國中適齡,MathAI原創語義分類
G08-S-EQUIL-H-01-X1,G08-S-EQUIL-H-01,S-8-7,面積,正三角形,正三角形高,跨主題整合,由畢氏定理求邊長a正三角形高；第二層：整合多項式、根式、方程式、函數、數列或幾何做非例行推理,跨單元/會考型,無法辨識多個技能的串接順序,5,G8國中適齡,MathAI原創語義分類
G08-S-EQUIL-A-01-C1,G08-S-EQUIL-A-01,S-8-7,面積,正三角形,正三角形面積,概念辨識,使用√3/4 a^2並理解來源；第二層：辨認定義、條件、符號、式型或幾何性質,定義/式型/性質判斷,概念邊界、符號或條件混淆,1,G8國中適齡,MathAI原創語義分類
G08-S-EQUIL-A-01-P1,G08-S-EQUIL-A-01,S-8-7,面積,正三角形,正三角形面積,標準程序,使用√3/4 a^2並理解來源；第二層：依標準算法完成展開、化簡、解式、作圖、統計或數列計算,標準計算/解法,程序、符號、係數或運算順序錯誤,2,G8國中適齡,MathAI原創語義分類
G08-S-EQUIL-A-01-V1,G08-S-EQUIL-A-01,S-8-7,面積,正三角形,正三角形面積,多表徵轉換,使用√3/4 a^2並理解來源；第二層：在文字、代數式、坐標、函數圖、統計圖與幾何圖間轉換,圖↔式、表↔式、文字↔式,轉換後未保留原數學關係,3,G8國中適齡,MathAI原創語義分類
G08-S-EQUIL-A-01-R1,G08-S-EQUIL-A-01,S-8-7,面積,正三角形,正三角形面積,逆向與驗證,使用√3/4 a^2並理解來源；第二層：由結果反推條件、乘回驗證、代回驗根或檢查幾何依據,反推、驗算、找錯,只會正向套步驟，無法驗證,3,G8國中適齡,MathAI原創語義分類
G08-S-EQUIL-A-01-A1,G08-S-EQUIL-A-01,S-8-7,面積,正三角形,正三角形面積,情境建模,使用√3/4 a^2並理解來源；第二層：由情境設定變數、建立模型、選擇方法並解釋答案,應用/建模題,漏條件、選錯模型或未篩選合理解,4,G8國中適齡,MathAI原創語義分類
G08-S-EQUIL-A-01-T1,G08-S-EQUIL-A-01,S-8-7,面積,正三角形,正三角形面積,條件變形,使用√3/4 a^2並理解來源；第二層：加入根式、分式係數、多步驟、跨表徵或干擾資訊,進階變形題,局部技巧會但整體等價或條件失控,4,G8國中適齡,MathAI原創語義分類
G08-S-EQUIL-A-01-X1,G08-S-EQUIL-A-01,S-8-7,面積,正三角形,正三角形面積,跨主題整合,使用√3/4 a^2並理解來源；第二層：整合多項式、根式、方程式、函數、數列或幾何做非例行推理,跨單元/會考型,無法辨識多個技能的串接順序,5,G8國中適齡,MathAI原創語義分類
G08-S-COMPOSITE-AREA-01-C1,G08-S-COMPOSITE-AREA-01,S-8-7,面積,複合圖形,含正三角形/根式的複合面積,概念辨識,結合切割補形與根式；第二層：辨認定義、條件、符號、式型或幾何性質,定義/式型/性質判斷,概念邊界、符號或條件混淆,1,G8國中適齡,MathAI原創語義分類
G08-S-COMPOSITE-AREA-01-P1,G08-S-COMPOSITE-AREA-01,S-8-7,面積,複合圖形,含正三角形/根式的複合面積,標準程序,結合切割補形與根式；第二層：依標準算法完成展開、化簡、解式、作圖、統計或數列計算,標準計算/解法,程序、符號、係數或運算順序錯誤,2,G8國中適齡,MathAI原創語義分類
G08-S-COMPOSITE-AREA-01-V1,G08-S-COMPOSITE-AREA-01,S-8-7,面積,複合圖形,含正三角形/根式的複合面積,多表徵轉換,結合切割補形與根式；第二層：在文字、代數式、坐標、函數圖、統計圖與幾何圖間轉換,圖↔式、表↔式、文字↔式,轉換後未保留原數學關係,3,G8國中適齡,MathAI原創語義分類
G08-S-COMPOSITE-AREA-01-R1,G08-S-COMPOSITE-AREA-01,S-8-7,面積,複合圖形,含正三角形/根式的複合面積,逆向與驗證,結合切割補形與根式；第二層：由結果反推條件、乘回驗證、代回驗根或檢查幾何依據,反推、驗算、找錯,只會正向套步驟，無法驗證,3,G8國中適齡,MathAI原創語義分類
G08-S-COMPOSITE-AREA-01-A1,G08-S-COMPOSITE-AREA-01,S-8-7,面積,複合圖形,含正三角形/根式的複合面積,情境建模,結合切割補形與根式；第二層：由情境設定變數、建立模型、選擇方法並解釋答案,應用/建模題,漏條件、選錯模型或未篩選合理解,4,G8國中適齡,MathAI原創語義分類
G08-S-COMPOSITE-AREA-01-T1,G08-S-COMPOSITE-AREA-01,S-8-7,面積,複合圖形,含正三角形/根式的複合面積,條件變形,結合切割補形與根式；第二層：加入根式、分式係數、多步驟、跨表徵或干擾資訊,進階變形題,局部技巧會但整體等價或條件失控,4,G8國中適齡,MathAI原創語義分類
G08-S-COMPOSITE-AREA-01-X1,G08-S-COMPOSITE-AREA-01,S-8-7,面積,複合圖形,含正三角形/根式的複合面積,跨主題整合,結合切割補形與根式；第二層：整合多項式、根式、方程式、函數、數列或幾何做非例行推理,跨單元/會考型,無法辨識多個技能的串接順序,5,G8國中適齡,MathAI原創語義分類
G08-S-ISO-01-C1,G08-S-ISO-01,S-8-8,三角形性質,等腰三角形,等邊對等角,概念辨識,由等腰性質求角/邊；第二層：辨認定義、條件、符號、式型或幾何性質,定義/式型/性質判斷,概念邊界、符號或條件混淆,1,G8國中適齡,MathAI原創語義分類
G08-S-ISO-01-P1,G08-S-ISO-01,S-8-8,三角形性質,等腰三角形,等邊對等角,標準程序,由等腰性質求角/邊；第二層：依標準算法完成展開、化簡、解式、作圖、統計或數列計算,標準計算/解法,程序、符號、係數或運算順序錯誤,2,G8國中適齡,MathAI原創語義分類
G08-S-ISO-01-V1,G08-S-ISO-01,S-8-8,三角形性質,等腰三角形,等邊對等角,多表徵轉換,由等腰性質求角/邊；第二層：在文字、代數式、坐標、函數圖、統計圖與幾何圖間轉換,圖↔式、表↔式、文字↔式,轉換後未保留原數學關係,3,G8國中適齡,MathAI原創語義分類
G08-S-ISO-01-R1,G08-S-ISO-01,S-8-8,三角形性質,等腰三角形,等邊對等角,逆向與驗證,由等腰性質求角/邊；第二層：由結果反推條件、乘回驗證、代回驗根或檢查幾何依據,反推、驗算、找錯,只會正向套步驟，無法驗證,3,G8國中適齡,MathAI原創語義分類
G08-S-ISO-01-A1,G08-S-ISO-01,S-8-8,三角形性質,等腰三角形,等邊對等角,情境建模,由等腰性質求角/邊；第二層：由情境設定變數、建立模型、選擇方法並解釋答案,應用/建模題,漏條件、選錯模型或未篩選合理解,4,G8國中適齡,MathAI原創語義分類
G08-S-ISO-01-T1,G08-S-ISO-01,S-8-8,三角形性質,等腰三角形,等邊對等角,條件變形,由等腰性質求角/邊；第二層：加入根式、分式係數、多步驟、跨表徵或干擾資訊,進階變形題,局部技巧會但整體等價或條件失控,4,G8國中適齡,MathAI原創語義分類
G08-S-BIGANGLE-01-C1,G08-S-BIGANGLE-01,S-8-8,三角形性質,邊角關係,大角對大邊,概念辨識,比較非等腰三角形邊角大小；第二層：辨認定義、條件、符號、式型或幾何性質,定義/式型/性質判斷,概念邊界、符號或條件混淆,1,G8國中適齡,MathAI原創語義分類
G08-S-BIGANGLE-01-P1,G08-S-BIGANGLE-01,S-8-8,三角形性質,邊角關係,大角對大邊,標準程序,比較非等腰三角形邊角大小；第二層：依標準算法完成展開、化簡、解式、作圖、統計或數列計算,標準計算/解法,程序、符號、係數或運算順序錯誤,2,G8國中適齡,MathAI原創語義分類
G08-S-BIGANGLE-01-V1,G08-S-BIGANGLE-01,S-8-8,三角形性質,邊角關係,大角對大邊,多表徵轉換,比較非等腰三角形邊角大小；第二層：在文字、代數式、坐標、函數圖、統計圖與幾何圖間轉換,圖↔式、表↔式、文字↔式,轉換後未保留原數學關係,3,G8國中適齡,MathAI原創語義分類
G08-S-BIGANGLE-01-R1,G08-S-BIGANGLE-01,S-8-8,三角形性質,邊角關係,大角對大邊,逆向與驗證,比較非等腰三角形邊角大小；第二層：由結果反推條件、乘回驗證、代回驗根或檢查幾何依據,反推、驗算、找錯,只會正向套步驟，無法驗證,3,G8國中適齡,MathAI原創語義分類
G08-S-BIGANGLE-01-A1,G08-S-BIGANGLE-01,S-8-8,三角形性質,邊角關係,大角對大邊,情境建模,比較非等腰三角形邊角大小；第二層：由情境設定變數、建立模型、選擇方法並解釋答案,應用/建模題,漏條件、選錯模型或未篩選合理解,4,G8國中適齡,MathAI原創語義分類
G08-S-BIGANGLE-01-T1,G08-S-BIGANGLE-01,S-8-8,三角形性質,邊角關係,大角對大邊,條件變形,比較非等腰三角形邊角大小；第二層：加入根式、分式係數、多步驟、跨表徵或干擾資訊,進階變形題,局部技巧會但整體等價或條件失控,4,G8國中適齡,MathAI原創語義分類
G08-S-BIGANGLE-01-X1,G08-S-BIGANGLE-01,S-8-8,三角形性質,邊角關係,大角對大邊,跨主題整合,比較非等腰三角形邊角大小；第二層：整合多項式、根式、方程式、函數、數列或幾何做非例行推理,跨單元/會考型,無法辨識多個技能的串接順序,5,G8國中適齡,MathAI原創語義分類
G08-S-TRI-INEQ-01-C1,G08-S-TRI-INEQ-01,S-8-8,三角形性質,三角不等式,兩邊和大於第三邊,概念辨識,判斷能否成三角形與未知邊範圍；第二層：辨認定義、條件、符號、式型或幾何性質,定義/式型/性質判斷,概念邊界、符號或條件混淆,1,G8國中適齡,MathAI原創語義分類
G08-S-TRI-INEQ-01-P1,G08-S-TRI-INEQ-01,S-8-8,三角形性質,三角不等式,兩邊和大於第三邊,標準程序,判斷能否成三角形與未知邊範圍；第二層：依標準算法完成展開、化簡、解式、作圖、統計或數列計算,標準計算/解法,程序、符號、係數或運算順序錯誤,2,G8國中適齡,MathAI原創語義分類
G08-S-TRI-INEQ-01-V1,G08-S-TRI-INEQ-01,S-8-8,三角形性質,三角不等式,兩邊和大於第三邊,多表徵轉換,判斷能否成三角形與未知邊範圍；第二層：在文字、代數式、坐標、函數圖、統計圖與幾何圖間轉換,圖↔式、表↔式、文字↔式,轉換後未保留原數學關係,3,G8國中適齡,MathAI原創語義分類
G08-S-TRI-INEQ-01-R1,G08-S-TRI-INEQ-01,S-8-8,三角形性質,三角不等式,兩邊和大於第三邊,逆向與驗證,判斷能否成三角形與未知邊範圍；第二層：由結果反推條件、乘回驗證、代回驗根或檢查幾何依據,反推、驗算、找錯,只會正向套步驟，無法驗證,3,G8國中適齡,MathAI原創語義分類
G08-S-TRI-INEQ-01-A1,G08-S-TRI-INEQ-01,S-8-8,三角形性質,三角不等式,兩邊和大於第三邊,情境建模,判斷能否成三角形與未知邊範圍；第二層：由情境設定變數、建立模型、選擇方法並解釋答案,應用/建模題,漏條件、選錯模型或未篩選合理解,4,G8國中適齡,MathAI原創語義分類
G08-S-TRI-INEQ-01-T1,G08-S-TRI-INEQ-01,S-8-8,三角形性質,三角不等式,兩邊和大於第三邊,條件變形,判斷能否成三角形與未知邊範圍；第二層：加入根式、分式係數、多步驟、跨表徵或干擾資訊,進階變形題,局部技巧會但整體等價或條件失控,4,G8國中適齡,MathAI原創語義分類
G08-S-TRI-INEQ-01-X1,G08-S-TRI-INEQ-01,S-8-8,三角形性質,三角不等式,兩邊和大於第三邊,跨主題整合,判斷能否成三角形與未知邊範圍；第二層：整合多項式、根式、方程式、函數、數列或幾何做非例行推理,跨單元/會考型,無法辨識多個技能的串接順序,5,G8國中適齡,MathAI原創語義分類
G08-S-EXTERIOR-01-C1,G08-S-EXTERIOR-01,S-8-8,三角形性質,外角,外角等於兩內對角和,概念辨識,求角與建立簡單推理；第二層：辨認定義、條件、符號、式型或幾何性質,定義/式型/性質判斷,概念邊界、符號或條件混淆,1,G8國中適齡,MathAI原創語義分類
G08-S-EXTERIOR-01-P1,G08-S-EXTERIOR-01,S-8-8,三角形性質,外角,外角等於兩內對角和,標準程序,求角與建立簡單推理；第二層：依標準算法完成展開、化簡、解式、作圖、統計或數列計算,標準計算/解法,程序、符號、係數或運算順序錯誤,2,G8國中適齡,MathAI原創語義分類
G08-S-EXTERIOR-01-V1,G08-S-EXTERIOR-01,S-8-8,三角形性質,外角,外角等於兩內對角和,多表徵轉換,求角與建立簡單推理；第二層：在文字、代數式、坐標、函數圖、統計圖與幾何圖間轉換,圖↔式、表↔式、文字↔式,轉換後未保留原數學關係,3,G8國中適齡,MathAI原創語義分類
G08-S-EXTERIOR-01-R1,G08-S-EXTERIOR-01,S-8-8,三角形性質,外角,外角等於兩內對角和,逆向與驗證,求角與建立簡單推理；第二層：由結果反推條件、乘回驗證、代回驗根或檢查幾何依據,反推、驗算、找錯,只會正向套步驟，無法驗證,3,G8國中適齡,MathAI原創語義分類
G08-S-EXTERIOR-01-A1,G08-S-EXTERIOR-01,S-8-8,三角形性質,外角,外角等於兩內對角和,情境建模,求角與建立簡單推理；第二層：由情境設定變數、建立模型、選擇方法並解釋答案,應用/建模題,漏條件、選錯模型或未篩選合理解,4,G8國中適齡,MathAI原創語義分類
G08-S-EXTERIOR-01-T1,G08-S-EXTERIOR-01,S-8-8,三角形性質,外角,外角等於兩內對角和,條件變形,求角與建立簡單推理；第二層：加入根式、分式係數、多步驟、跨表徵或干擾資訊,進階變形題,局部技巧會但整體等價或條件失控,4,G8國中適齡,MathAI原創語義分類
G08-S-EXTERIOR-01-X1,G08-S-EXTERIOR-01,S-8-8,三角形性質,外角,外角等於兩內對角和,跨主題整合,求角與建立簡單推理；第二層：整合多項式、根式、方程式、函數、數列或幾何做非例行推理,跨單元/會考型,無法辨識多個技能的串接順序,5,G8國中適齡,MathAI原創語義分類
G08-S-PARA-PROP-01-C1,G08-S-PARA-PROP-01,S-8-9,四邊形,平行四邊形,邊角與對角線性質,概念辨識,掌握對邊平行等長、對角相等、對角線互相平分；第二層：辨認定義、條件、符號、式型或幾何性質,定義/式型/性質判斷,概念邊界、符號或條件混淆,1,G8國中適齡,MathAI原創語義分類
G08-S-PARA-PROP-01-P1,G08-S-PARA-PROP-01,S-8-9,四邊形,平行四邊形,邊角與對角線性質,標準程序,掌握對邊平行等長、對角相等、對角線互相平分；第二層：依標準算法完成展開、化簡、解式、作圖、統計或數列計算,標準計算/解法,程序、符號、係數或運算順序錯誤,2,G8國中適齡,MathAI原創語義分類
G08-S-PARA-PROP-01-V1,G08-S-PARA-PROP-01,S-8-9,四邊形,平行四邊形,邊角與對角線性質,多表徵轉換,掌握對邊平行等長、對角相等、對角線互相平分；第二層：在文字、代數式、坐標、函數圖、統計圖與幾何圖間轉換,圖↔式、表↔式、文字↔式,轉換後未保留原數學關係,3,G8國中適齡,MathAI原創語義分類
G08-S-PARA-PROP-01-R1,G08-S-PARA-PROP-01,S-8-9,四邊形,平行四邊形,邊角與對角線性質,逆向與驗證,掌握對邊平行等長、對角相等、對角線互相平分；第二層：由結果反推條件、乘回驗證、代回驗根或檢查幾何依據,反推、驗算、找錯,只會正向套步驟，無法驗證,3,G8國中適齡,MathAI原創語義分類
G08-S-PARA-PROP-01-A1,G08-S-PARA-PROP-01,S-8-9,四邊形,平行四邊形,邊角與對角線性質,情境建模,掌握對邊平行等長、對角相等、對角線互相平分；第二層：由情境設定變數、建立模型、選擇方法並解釋答案,應用/建模題,漏條件、選錯模型或未篩選合理解,4,G8國中適齡,MathAI原創語義分類
G08-S-PARA-PROP-01-T1,G08-S-PARA-PROP-01,S-8-9,四邊形,平行四邊形,邊角與對角線性質,條件變形,掌握對邊平行等長、對角相等、對角線互相平分；第二層：加入根式、分式係數、多步驟、跨表徵或干擾資訊,進階變形題,局部技巧會但整體等價或條件失控,4,G8國中適齡,MathAI原創語義分類
G08-S-PARA-PROP-01-X1,G08-S-PARA-PROP-01,S-8-9,四邊形,平行四邊形,邊角與對角線性質,跨主題整合,掌握對邊平行等長、對角相等、對角線互相平分；第二層：整合多項式、根式、方程式、函數、數列或幾何做非例行推理,跨單元/會考型,無法辨識多個技能的串接順序,5,G8國中適齡,MathAI原創語義分類
G08-S-PARA-TEST-01-C1,G08-S-PARA-TEST-01,S-8-9,四邊形,平行四邊形,判定條件,概念辨識,由邊、角、對角線條件判平行四邊形；第二層：辨認定義、條件、符號、式型或幾何性質,定義/式型/性質判斷,概念邊界、符號或條件混淆,1,G8國中適齡,MathAI原創語義分類
G08-S-PARA-TEST-01-P1,G08-S-PARA-TEST-01,S-8-9,四邊形,平行四邊形,判定條件,標準程序,由邊、角、對角線條件判平行四邊形；第二層：依標準算法完成展開、化簡、解式、作圖、統計或數列計算,標準計算/解法,程序、符號、係數或運算順序錯誤,2,G8國中適齡,MathAI原創語義分類
G08-S-PARA-TEST-01-V1,G08-S-PARA-TEST-01,S-8-9,四邊形,平行四邊形,判定條件,多表徵轉換,由邊、角、對角線條件判平行四邊形；第二層：在文字、代數式、坐標、函數圖、統計圖與幾何圖間轉換,圖↔式、表↔式、文字↔式,轉換後未保留原數學關係,3,G8國中適齡,MathAI原創語義分類
G08-S-PARA-TEST-01-R1,G08-S-PARA-TEST-01,S-8-9,四邊形,平行四邊形,判定條件,逆向與驗證,由邊、角、對角線條件判平行四邊形；第二層：由結果反推條件、乘回驗證、代回驗根或檢查幾何依據,反推、驗算、找錯,只會正向套步驟，無法驗證,3,G8國中適齡,MathAI原創語義分類
G08-S-PARA-TEST-01-A1,G08-S-PARA-TEST-01,S-8-9,四邊形,平行四邊形,判定條件,情境建模,由邊、角、對角線條件判平行四邊形；第二層：由情境設定變數、建立模型、選擇方法並解釋答案,應用/建模題,漏條件、選錯模型或未篩選合理解,4,G8國中適齡,MathAI原創語義分類
G08-S-PARA-TEST-01-T1,G08-S-PARA-TEST-01,S-8-9,四邊形,平行四邊形,判定條件,條件變形,由邊、角、對角線條件判平行四邊形；第二層：加入根式、分式係數、多步驟、跨表徵或干擾資訊,進階變形題,局部技巧會但整體等價或條件失控,4,G8國中適齡,MathAI原創語義分類
G08-S-PARA-TEST-01-X1,G08-S-PARA-TEST-01,S-8-9,四邊形,平行四邊形,判定條件,跨主題整合,由邊、角、對角線條件判平行四邊形；第二層：整合多項式、根式、方程式、函數、數列或幾何做非例行推理,跨單元/會考型,無法辨識多個技能的串接順序,5,G8國中適齡,MathAI原創語義分類
G08-S-RECT-PROP-01-C1,G08-S-RECT-PROP-01,S-8-10,四邊形,長方形,對角線等長互相平分,概念辨識,利用長方形對角線性質；第二層：辨認定義、條件、符號、式型或幾何性質,定義/式型/性質判斷,概念邊界、符號或條件混淆,1,G8國中適齡,MathAI原創語義分類
G08-S-RECT-PROP-01-P1,G08-S-RECT-PROP-01,S-8-10,四邊形,長方形,對角線等長互相平分,標準程序,利用長方形對角線性質；第二層：依標準算法完成展開、化簡、解式、作圖、統計或數列計算,標準計算/解法,程序、符號、係數或運算順序錯誤,2,G8國中適齡,MathAI原創語義分類
G08-S-RECT-PROP-01-V1,G08-S-RECT-PROP-01,S-8-10,四邊形,長方形,對角線等長互相平分,多表徵轉換,利用長方形對角線性質；第二層：在文字、代數式、坐標、函數圖、統計圖與幾何圖間轉換,圖↔式、表↔式、文字↔式,轉換後未保留原數學關係,3,G8國中適齡,MathAI原創語義分類
G08-S-RECT-PROP-01-R1,G08-S-RECT-PROP-01,S-8-10,四邊形,長方形,對角線等長互相平分,逆向與驗證,利用長方形對角線性質；第二層：由結果反推條件、乘回驗證、代回驗根或檢查幾何依據,反推、驗算、找錯,只會正向套步驟，無法驗證,3,G8國中適齡,MathAI原創語義分類
G08-S-RECT-PROP-01-A1,G08-S-RECT-PROP-01,S-8-10,四邊形,長方形,對角線等長互相平分,情境建模,利用長方形對角線性質；第二層：由情境設定變數、建立模型、選擇方法並解釋答案,應用/建模題,漏條件、選錯模型或未篩選合理解,4,G8國中適齡,MathAI原創語義分類
G08-S-RECT-PROP-01-T1,G08-S-RECT-PROP-01,S-8-10,四邊形,長方形,對角線等長互相平分,條件變形,利用長方形對角線性質；第二層：加入根式、分式係數、多步驟、跨表徵或干擾資訊,進階變形題,局部技巧會但整體等價或條件失控,4,G8國中適齡,MathAI原創語義分類
G08-S-RECT-PROP-01-X1,G08-S-RECT-PROP-01,S-8-10,四邊形,長方形,對角線等長互相平分,跨主題整合,利用長方形對角線性質；第二層：整合多項式、根式、方程式、函數、數列或幾何做非例行推理,跨單元/會考型,無法辨識多個技能的串接順序,5,G8國中適齡,MathAI原創語義分類
G08-S-RHOM-PROP-01-C1,G08-S-RHOM-PROP-01,S-8-10,四邊形,菱形,對角線垂直平分,概念辨識,利用菱形對角線性質；第二層：辨認定義、條件、符號、式型或幾何性質,定義/式型/性質判斷,概念邊界、符號或條件混淆,1,G8國中適齡,MathAI原創語義分類
G08-S-RHOM-PROP-01-P1,G08-S-RHOM-PROP-01,S-8-10,四邊形,菱形,對角線垂直平分,標準程序,利用菱形對角線性質；第二層：依標準算法完成展開、化簡、解式、作圖、統計或數列計算,標準計算/解法,程序、符號、係數或運算順序錯誤,2,G8國中適齡,MathAI原創語義分類
G08-S-RHOM-PROP-01-V1,G08-S-RHOM-PROP-01,S-8-10,四邊形,菱形,對角線垂直平分,多表徵轉換,利用菱形對角線性質；第二層：在文字、代數式、坐標、函數圖、統計圖與幾何圖間轉換,圖↔式、表↔式、文字↔式,轉換後未保留原數學關係,3,G8國中適齡,MathAI原創語義分類
G08-S-RHOM-PROP-01-R1,G08-S-RHOM-PROP-01,S-8-10,四邊形,菱形,對角線垂直平分,逆向與驗證,利用菱形對角線性質；第二層：由結果反推條件、乘回驗證、代回驗根或檢查幾何依據,反推、驗算、找錯,只會正向套步驟，無法驗證,3,G8國中適齡,MathAI原創語義分類
G08-S-RHOM-PROP-01-A1,G08-S-RHOM-PROP-01,S-8-10,四邊形,菱形,對角線垂直平分,情境建模,利用菱形對角線性質；第二層：由情境設定變數、建立模型、選擇方法並解釋答案,應用/建模題,漏條件、選錯模型或未篩選合理解,4,G8國中適齡,MathAI原創語義分類
G08-S-RHOM-PROP-01-T1,G08-S-RHOM-PROP-01,S-8-10,四邊形,菱形,對角線垂直平分,條件變形,利用菱形對角線性質；第二層：加入根式、分式係數、多步驟、跨表徵或干擾資訊,進階變形題,局部技巧會但整體等價或條件失控,4,G8國中適齡,MathAI原創語義分類
G08-S-RHOM-PROP-01-X1,G08-S-RHOM-PROP-01,S-8-10,四邊形,菱形,對角線垂直平分,跨主題整合,利用菱形對角線性質；第二層：整合多項式、根式、方程式、函數、數列或幾何做非例行推理,跨單元/會考型,無法辨識多個技能的串接順序,5,G8國中適齡,MathAI原創語義分類
G08-S-KITE-PROP-01-C1,G08-S-KITE-PROP-01,S-8-10,四邊形,箏形,一條對角線垂直平分另一條,概念辨識,利用箏形對角線性質；第二層：辨認定義、條件、符號、式型或幾何性質,定義/式型/性質判斷,概念邊界、符號或條件混淆,1,G8國中適齡,MathAI原創語義分類
G08-S-KITE-PROP-01-P1,G08-S-KITE-PROP-01,S-8-10,四邊形,箏形,一條對角線垂直平分另一條,標準程序,利用箏形對角線性質；第二層：依標準算法完成展開、化簡、解式、作圖、統計或數列計算,標準計算/解法,程序、符號、係數或運算順序錯誤,2,G8國中適齡,MathAI原創語義分類
G08-S-KITE-PROP-01-V1,G08-S-KITE-PROP-01,S-8-10,四邊形,箏形,一條對角線垂直平分另一條,多表徵轉換,利用箏形對角線性質；第二層：在文字、代數式、坐標、函數圖、統計圖與幾何圖間轉換,圖↔式、表↔式、文字↔式,轉換後未保留原數學關係,3,G8國中適齡,MathAI原創語義分類
G08-S-KITE-PROP-01-R1,G08-S-KITE-PROP-01,S-8-10,四邊形,箏形,一條對角線垂直平分另一條,逆向與驗證,利用箏形對角線性質；第二層：由結果反推條件、乘回驗證、代回驗根或檢查幾何依據,反推、驗算、找錯,只會正向套步驟，無法驗證,3,G8國中適齡,MathAI原創語義分類
G08-S-KITE-PROP-01-A1,G08-S-KITE-PROP-01,S-8-10,四邊形,箏形,一條對角線垂直平分另一條,情境建模,利用箏形對角線性質；第二層：由情境設定變數、建立模型、選擇方法並解釋答案,應用/建模題,漏條件、選錯模型或未篩選合理解,4,G8國中適齡,MathAI原創語義分類
G08-S-KITE-PROP-01-T1,G08-S-KITE-PROP-01,S-8-10,四邊形,箏形,一條對角線垂直平分另一條,條件變形,利用箏形對角線性質；第二層：加入根式、分式係數、多步驟、跨表徵或干擾資訊,進階變形題,局部技巧會但整體等價或條件失控,4,G8國中適齡,MathAI原創語義分類
G08-S-KITE-PROP-01-X1,G08-S-KITE-PROP-01,S-8-10,四邊形,箏形,一條對角線垂直平分另一條,跨主題整合,利用箏形對角線性質；第二層：整合多項式、根式、方程式、函數、數列或幾何做非例行推理,跨單元/會考型,無法辨識多個技能的串接順序,5,G8國中適齡,MathAI原創語義分類
G08-S-TRAP-ISO-01-C1,G08-S-TRAP-ISO-01,S-8-11,四邊形,等腰梯形,底角相等與線對稱,概念辨識,由等腰梯形性質求角與邊；第二層：辨認定義、條件、符號、式型或幾何性質,定義/式型/性質判斷,概念邊界、符號或條件混淆,1,G8國中適齡,MathAI原創語義分類
G08-S-TRAP-ISO-01-P1,G08-S-TRAP-ISO-01,S-8-11,四邊形,等腰梯形,底角相等與線對稱,標準程序,由等腰梯形性質求角與邊；第二層：依標準算法完成展開、化簡、解式、作圖、統計或數列計算,標準計算/解法,程序、符號、係數或運算順序錯誤,2,G8國中適齡,MathAI原創語義分類
G08-S-TRAP-ISO-01-V1,G08-S-TRAP-ISO-01,S-8-11,四邊形,等腰梯形,底角相等與線對稱,多表徵轉換,由等腰梯形性質求角與邊；第二層：在文字、代數式、坐標、函數圖、統計圖與幾何圖間轉換,圖↔式、表↔式、文字↔式,轉換後未保留原數學關係,3,G8國中適齡,MathAI原創語義分類
G08-S-TRAP-ISO-01-R1,G08-S-TRAP-ISO-01,S-8-11,四邊形,等腰梯形,底角相等與線對稱,逆向與驗證,由等腰梯形性質求角與邊；第二層：由結果反推條件、乘回驗證、代回驗根或檢查幾何依據,反推、驗算、找錯,只會正向套步驟，無法驗證,3,G8國中適齡,MathAI原創語義分類
G08-S-TRAP-ISO-01-A1,G08-S-TRAP-ISO-01,S-8-11,四邊形,等腰梯形,底角相等與線對稱,情境建模,由等腰梯形性質求角與邊；第二層：由情境設定變數、建立模型、選擇方法並解釋答案,應用/建模題,漏條件、選錯模型或未篩選合理解,4,G8國中適齡,MathAI原創語義分類
G08-S-TRAP-ISO-01-T1,G08-S-TRAP-ISO-01,S-8-11,四邊形,等腰梯形,底角相等與線對稱,條件變形,由等腰梯形性質求角與邊；第二層：加入根式、分式係數、多步驟、跨表徵或干擾資訊,進階變形題,局部技巧會但整體等價或條件失控,4,G8國中適齡,MathAI原創語義分類
G08-S-TRAP-ISO-01-X1,G08-S-TRAP-ISO-01,S-8-11,四邊形,等腰梯形,底角相等與線對稱,跨主題整合,由等腰梯形性質求角與邊；第二層：整合多項式、根式、方程式、函數、數列或幾何做非例行推理,跨單元/會考型,無法辨識多個技能的串接順序,5,G8國中適齡,MathAI原創語義分類
G08-S-TRAP-MID-01-C1,G08-S-TRAP-MID-01,S-8-11,四邊形,梯形,中點連線,概念辨識,兩腰中點連線平行底邊且長為兩底和一半；第二層：辨認定義、條件、符號、式型或幾何性質,定義/式型/性質判斷,概念邊界、符號或條件混淆,1,G8國中適齡,MathAI原創語義分類
G08-S-TRAP-MID-01-P1,G08-S-TRAP-MID-01,S-8-11,四邊形,梯形,中點連線,標準程序,兩腰中點連線平行底邊且長為兩底和一半；第二層：依標準算法完成展開、化簡、解式、作圖、統計或數列計算,標準計算/解法,程序、符號、係數或運算順序錯誤,2,G8國中適齡,MathAI原創語義分類
G08-S-TRAP-MID-01-V1,G08-S-TRAP-MID-01,S-8-11,四邊形,梯形,中點連線,多表徵轉換,兩腰中點連線平行底邊且長為兩底和一半；第二層：在文字、代數式、坐標、函數圖、統計圖與幾何圖間轉換,圖↔式、表↔式、文字↔式,轉換後未保留原數學關係,3,G8國中適齡,MathAI原創語義分類
G08-S-TRAP-MID-01-R1,G08-S-TRAP-MID-01,S-8-11,四邊形,梯形,中點連線,逆向與驗證,兩腰中點連線平行底邊且長為兩底和一半；第二層：由結果反推條件、乘回驗證、代回驗根或檢查幾何依據,反推、驗算、找錯,只會正向套步驟，無法驗證,3,G8國中適齡,MathAI原創語義分類
G08-S-TRAP-MID-01-A1,G08-S-TRAP-MID-01,S-8-11,四邊形,梯形,中點連線,情境建模,兩腰中點連線平行底邊且長為兩底和一半；第二層：由情境設定變數、建立模型、選擇方法並解釋答案,應用/建模題,漏條件、選錯模型或未篩選合理解,4,G8國中適齡,MathAI原創語義分類
G08-S-TRAP-MID-01-T1,G08-S-TRAP-MID-01,S-8-11,四邊形,梯形,中點連線,條件變形,兩腰中點連線平行底邊且長為兩底和一半；第二層：加入根式、分式係數、多步驟、跨表徵或干擾資訊,進階變形題,局部技巧會但整體等價或條件失控,4,G8國中適齡,MathAI原創語義分類
G08-S-TRAP-MID-01-X1,G08-S-TRAP-MID-01,S-8-11,四邊形,梯形,中點連線,跨主題整合,兩腰中點連線平行底邊且長為兩底和一半；第二層：整合多項式、根式、方程式、函數、數列或幾何做非例行推理,跨單元/會考型,無法辨識多個技能的串接順序,5,G8國中適齡,MathAI原創語義分類
G08-S-COMPASS-COPY-01-C1,G08-S-COMPASS-COPY-01,S-8-12,尺規作圖,基本作圖,複製線段角三角形,概念辨識,使用無刻度直尺圓規完成複製；第二層：辨認定義、條件、符號、式型或幾何性質,定義/式型/性質判斷,概念邊界、符號或條件混淆,1,G8國中適齡,MathAI原創語義分類
G08-S-COMPASS-COPY-01-P1,G08-S-COMPASS-COPY-01,S-8-12,尺規作圖,基本作圖,複製線段角三角形,標準程序,使用無刻度直尺圓規完成複製；第二層：依標準算法完成展開、化簡、解式、作圖、統計或數列計算,標準計算/解法,程序、符號、係數或運算順序錯誤,2,G8國中適齡,MathAI原創語義分類
G08-S-COMPASS-COPY-01-V1,G08-S-COMPASS-COPY-01,S-8-12,尺規作圖,基本作圖,複製線段角三角形,多表徵轉換,使用無刻度直尺圓規完成複製；第二層：在文字、代數式、坐標、函數圖、統計圖與幾何圖間轉換,圖↔式、表↔式、文字↔式,轉換後未保留原數學關係,3,G8國中適齡,MathAI原創語義分類
G08-S-COMPASS-COPY-01-R1,G08-S-COMPASS-COPY-01,S-8-12,尺規作圖,基本作圖,複製線段角三角形,逆向與驗證,使用無刻度直尺圓規完成複製；第二層：由結果反推條件、乘回驗證、代回驗根或檢查幾何依據,反推、驗算、找錯,只會正向套步驟，無法驗證,3,G8國中適齡,MathAI原創語義分類
G08-S-COMPASS-COPY-01-A1,G08-S-COMPASS-COPY-01,S-8-12,尺規作圖,基本作圖,複製線段角三角形,情境建模,使用無刻度直尺圓規完成複製；第二層：由情境設定變數、建立模型、選擇方法並解釋答案,應用/建模題,漏條件、選錯模型或未篩選合理解,4,G8國中適齡,MathAI原創語義分類
G08-S-COMPASS-COPY-01-T1,G08-S-COMPASS-COPY-01,S-8-12,尺規作圖,基本作圖,複製線段角三角形,條件變形,使用無刻度直尺圓規完成複製；第二層：加入根式、分式係數、多步驟、跨表徵或干擾資訊,進階變形題,局部技巧會但整體等價或條件失控,4,G8國中適齡,MathAI原創語義分類
G08-S-COMPASS-BISECT-01-C1,G08-S-COMPASS-BISECT-01,S-8-12,尺規作圖,基本作圖,中垂線與角平分線,概念辨識,完成標準作圖並說明依據；第二層：辨認定義、條件、符號、式型或幾何性質,定義/式型/性質判斷,概念邊界、符號或條件混淆,1,G8國中適齡,MathAI原創語義分類
G08-S-COMPASS-BISECT-01-P1,G08-S-COMPASS-BISECT-01,S-8-12,尺規作圖,基本作圖,中垂線與角平分線,標準程序,完成標準作圖並說明依據；第二層：依標準算法完成展開、化簡、解式、作圖、統計或數列計算,標準計算/解法,程序、符號、係數或運算順序錯誤,2,G8國中適齡,MathAI原創語義分類
G08-S-COMPASS-BISECT-01-V1,G08-S-COMPASS-BISECT-01,S-8-12,尺規作圖,基本作圖,中垂線與角平分線,多表徵轉換,完成標準作圖並說明依據；第二層：在文字、代數式、坐標、函數圖、統計圖與幾何圖間轉換,圖↔式、表↔式、文字↔式,轉換後未保留原數學關係,3,G8國中適齡,MathAI原創語義分類
G08-S-COMPASS-BISECT-01-R1,G08-S-COMPASS-BISECT-01,S-8-12,尺規作圖,基本作圖,中垂線與角平分線,逆向與驗證,完成標準作圖並說明依據；第二層：由結果反推條件、乘回驗證、代回驗根或檢查幾何依據,反推、驗算、找錯,只會正向套步驟，無法驗證,3,G8國中適齡,MathAI原創語義分類
G08-S-COMPASS-BISECT-01-A1,G08-S-COMPASS-BISECT-01,S-8-12,尺規作圖,基本作圖,中垂線與角平分線,情境建模,完成標準作圖並說明依據；第二層：由情境設定變數、建立模型、選擇方法並解釋答案,應用/建模題,漏條件、選錯模型或未篩選合理解,4,G8國中適齡,MathAI原創語義分類
G08-S-COMPASS-BISECT-01-T1,G08-S-COMPASS-BISECT-01,S-8-12,尺規作圖,基本作圖,中垂線與角平分線,條件變形,完成標準作圖並說明依據；第二層：加入根式、分式係數、多步驟、跨表徵或干擾資訊,進階變形題,局部技巧會但整體等價或條件失控,4,G8國中適齡,MathAI原創語義分類
G08-S-COMPASS-BISECT-01-X1,G08-S-COMPASS-BISECT-01,S-8-12,尺規作圖,基本作圖,中垂線與角平分線,跨主題整合,完成標準作圖並說明依據；第二層：整合多項式、根式、方程式、函數、數列或幾何做非例行推理,跨單元/會考型,無法辨識多個技能的串接順序,5,G8國中適齡,MathAI原創語義分類
G08-S-COMPASS-PERP-01-C1,G08-S-COMPASS-PERP-01,S-8-12,尺規作圖,基本作圖,作垂直線與平行線,概念辨識,依幾何性質完成作圖；第二層：辨認定義、條件、符號、式型或幾何性質,定義/式型/性質判斷,概念邊界、符號或條件混淆,1,G8國中適齡,MathAI原創語義分類
G08-S-COMPASS-PERP-01-P1,G08-S-COMPASS-PERP-01,S-8-12,尺規作圖,基本作圖,作垂直線與平行線,標準程序,依幾何性質完成作圖；第二層：依標準算法完成展開、化簡、解式、作圖、統計或數列計算,標準計算/解法,程序、符號、係數或運算順序錯誤,2,G8國中適齡,MathAI原創語義分類
G08-S-COMPASS-PERP-01-V1,G08-S-COMPASS-PERP-01,S-8-12,尺規作圖,基本作圖,作垂直線與平行線,多表徵轉換,依幾何性質完成作圖；第二層：在文字、代數式、坐標、函數圖、統計圖與幾何圖間轉換,圖↔式、表↔式、文字↔式,轉換後未保留原數學關係,3,G8國中適齡,MathAI原創語義分類
G08-S-COMPASS-PERP-01-R1,G08-S-COMPASS-PERP-01,S-8-12,尺規作圖,基本作圖,作垂直線與平行線,逆向與驗證,依幾何性質完成作圖；第二層：由結果反推條件、乘回驗證、代回驗根或檢查幾何依據,反推、驗算、找錯,只會正向套步驟，無法驗證,3,G8國中適齡,MathAI原創語義分類
G08-S-COMPASS-PERP-01-A1,G08-S-COMPASS-PERP-01,S-8-12,尺規作圖,基本作圖,作垂直線與平行線,情境建模,依幾何性質完成作圖；第二層：由情境設定變數、建立模型、選擇方法並解釋答案,應用/建模題,漏條件、選錯模型或未篩選合理解,4,G8國中適齡,MathAI原創語義分類
G08-S-COMPASS-PERP-01-T1,G08-S-COMPASS-PERP-01,S-8-12,尺規作圖,基本作圖,作垂直線與平行線,條件變形,依幾何性質完成作圖；第二層：加入根式、分式係數、多步驟、跨表徵或干擾資訊,進階變形題,局部技巧會但整體等價或條件失控,4,G8國中適齡,MathAI原創語義分類
G08-S-COMPASS-PERP-01-X1,G08-S-COMPASS-PERP-01,S-8-12,尺規作圖,基本作圖,作垂直線與平行線,跨主題整合,依幾何性質完成作圖；第二層：整合多項式、根式、方程式、函數、數列或幾何做非例行推理,跨單元/會考型,無法辨識多個技能的串接順序,5,G8國中適齡,MathAI原創語義分類
G08-S-PROOF-BASIC-01-C1,G08-S-PROOF-BASIC-01,S-8-12,尺規作圖,幾何推理,寫出性質依據,概念辨識,將角關係、全等、平行等性質串成簡單推理；第二層：辨認定義、條件、符號、式型或幾何性質,定義/式型/性質判斷,概念邊界、符號或條件混淆,1,G8國中適齡,MathAI原創語義分類
G08-S-PROOF-BASIC-01-P1,G08-S-PROOF-BASIC-01,S-8-12,尺規作圖,幾何推理,寫出性質依據,標準程序,將角關係、全等、平行等性質串成簡單推理；第二層：依標準算法完成展開、化簡、解式、作圖、統計或數列計算,標準計算/解法,程序、符號、係數或運算順序錯誤,2,G8國中適齡,MathAI原創語義分類
G08-S-PROOF-BASIC-01-V1,G08-S-PROOF-BASIC-01,S-8-12,尺規作圖,幾何推理,寫出性質依據,多表徵轉換,將角關係、全等、平行等性質串成簡單推理；第二層：在文字、代數式、坐標、函數圖、統計圖與幾何圖間轉換,圖↔式、表↔式、文字↔式,轉換後未保留原數學關係,3,G8國中適齡,MathAI原創語義分類
G08-S-PROOF-BASIC-01-R1,G08-S-PROOF-BASIC-01,S-8-12,尺規作圖,幾何推理,寫出性質依據,逆向與驗證,將角關係、全等、平行等性質串成簡單推理；第二層：由結果反推條件、乘回驗證、代回驗根或檢查幾何依據,反推、驗算、找錯,只會正向套步驟，無法驗證,3,G8國中適齡,MathAI原創語義分類
G08-S-PROOF-BASIC-01-A1,G08-S-PROOF-BASIC-01,S-8-12,尺規作圖,幾何推理,寫出性質依據,情境建模,將角關係、全等、平行等性質串成簡單推理；第二層：由情境設定變數、建立模型、選擇方法並解釋答案,應用/建模題,漏條件、選錯模型或未篩選合理解,4,G8國中適齡,MathAI原創語義分類
G08-S-PROOF-BASIC-01-T1,G08-S-PROOF-BASIC-01,S-8-12,尺規作圖,幾何推理,寫出性質依據,條件變形,將角關係、全等、平行等性質串成簡單推理；第二層：加入根式、分式係數、多步驟、跨表徵或干擾資訊,進階變形題,局部技巧會但整體等價或條件失控,4,G8國中適齡,MathAI原創語義分類
G08-S-PROOF-BASIC-01-X1,G08-S-PROOF-BASIC-01,S-8-12,尺規作圖,幾何推理,寫出性質依據,跨主題整合,將角關係、全等、平行等性質串成簡單推理；第二層：整合多項式、根式、方程式、函數、數列或幾何做非例行推理,跨單元/會考型,無法辨識多個技能的串接順序,5,G8國中適齡,MathAI原創語義分類
